Workbook

Sheet Udhëzime
A1: Si të plotësohet vlerësimi
A2: 1. Hap fletën "Vleresimi". Çdo pyetje ka 5 rreshta, një për çdo ekzekutim (1–5).
A3: 2. Plotëso vetëm qelizat me sfond të VERDHË në kolonat "Vlerësimi" dhe "Halucinacion" (zgjidh nga lista).
A4: 3. Ekzekutimi 1 (sfond blu) është ekzekutimi origjinal; vlerësimet janë marrë nga Shtojca A e tezës dhe nuk ndryshohen.
A5: 4. Rreshtat GRI janë pyetje ku përgjigjet e ekzekutimeve 2–5 janë pothuajse identike (ngjashmëri ≥ 90% dhe e njëjta sjellje refuzimi). Ato marrin automatikisht vlerësimin e ekzekutimit 2. Hidhu një sy; nëse ndonjë ndryshon, shkruaj vlerësimin direkt mbi formulë.
A6: 5. Fleta "Përmbledhje" llogaritet vetë: saktësia për çdo ekzekutim, mesatarja ± devijimi standard dhe rezultatet sipas grupeve.
A8: Kriteret (njësoj si në seksionin 5.1)
A9: E saktë – përgjigjja përmban informacionin thelbësor pa gabime. Për pyetjet jashtë bazës: sistemi deklaron mungesën e informacionit ose, në Study Mode, e shënon qartë përmbajtjen si të përgjithshme.
A10: Pjesërisht e saktë – e saktë në thelb, por me mangësi të rëndësishme ose një gabim dytësor.
A11: E pasaktë – gabim thelbësor, refuzim i gabuar për pyetje brenda bazës, ose informacion i shpikur.
A12: Halucinacion = "po" kur përgjigjja përmban emra, numra ose fakte që nuk mbështeten nga dokumentet.
A14: Shembull i plotësimit: Vlerësimi = "Pjesërisht e saktë", Halucinacion = "jo", Shënime = "mungon profili Energjetikë".
A16: Shënim për transparencë: vlerësimet e ekzekutimeve 2–5 (kolonat J, K, L) janë hartuar nga asistenti AI (Claude) duke krahasuar çdo përgjigje me 'Përgjigjen e pritur' dhe me tekstin e PDF-ve zyrtare. Rishikoji para se t'i përdorësh në tezë; kolona L shpjegon çdo vlerësim që nuk është 'E saktë'.

Sheet Vleresimi
A1: Nr | B1: Grupi | C1: Brenda bazës | D1: Pyetja | E1: Përgjigjja e pritur | F1: Ekzekutimi | G1: Përgjigjja e asistentit | H1: Burimet | I1: Koha (s) | J1: Vlerësimi | K1: Halucinacion | L1: Shënime
A2: 1 | B2: A | C2: po | D2: Cilat janë profilet e Master Shkencor në Inxhinieri Ndërtimi? | E2: Inxhinieri Strukturash dhe Infrastrukturë Transporti | F2: 1 | G2: (Teksti i përgjigjes së ekzekutimit origjinal nuk është i disponueshëm – vlerësimi është marrë nga Shtojca A.) | I2: 4.76 | J2: E saktë | K2: jo
A3: 1 | B3: A | C3: po | D3: Cilat janë profilet e Master Shkencor në Inxhinieri Ndërtimi? | E3: Inxhinieri Strukturash dhe Infrastrukturë Transporti | F3: 2 | G3: Programi i Masterit të Shkencave në Inxhinieri Ndërtimi ofron dy profile: 1. **Inxhinieri Strukturash**: Ky profil fokusohet në projektimin e strukturave speciale prej betoni të armuar, aplikimin e metodave të avancuara të analizës për simullimin e sjelljes së strukturave nën ngarkesa të ndryshme, dhe analizimin e zgjidhjeve për restaurimin dhe përforcimin e strukturave ekzistuese. 2. **Infrastrukturë Transporti**: Ky profil përfshin aspekte të menaxhimit dhe zhvillimit të infrastrukturës transportuese, duke u fokusuar në zgjidhjet inxhinierike për transportin dhe logjistikën. (Burimi: Master i Shkencave në Inxhinieri Ndërtimi, f. 1) | H3: IV_b-INXHINIERI-NDERTIMI_MSH.pdf (f. 1) | IV_c-INXHINIERI-MEKANIKE_MSH.pdf (f. 2, 3) | I3: 3.12 | J3: Pjesërisht e saktë | K3: po | L3: Dy profilet e sakta, por thotë se Infrastruktura e Transportit lidhet me 'logjistikën' dhe 'menaxhimin'; dokumenti flet për modelim dhe projektim të veprave (rrugë, ura, tunele, hekurudha).
A4: 1 | B4: A | C4: po | D4: Cilat janë profilet e Master Shkencor në Inxhinieri Ndërtimi? | E4: Inxhinieri Strukturash dhe Infrastrukturë Transporti | F4: 3 | G4: Programi i Masterit të Shkencave në Inxhinieri Ndërtimi ofron dy profile: 1. **Inxhinieri Strukturash**: Ky profil fokusohet në projektimin e strukturave speciale prej betoni të armuar, aplikimin e metodave të avancuara të analizës për simullimin e sjelljes së strukturave, dhe analizimin e zgjidhjeve për restaurimin dhe përforcimin e strukturave ekzistuese. 2. **Infrastrukturë Transporti**: Ky profil përfshin aspekte të menaxhimit dhe projektimit të infrastrukturës së transportit (Burimi: Master i Shkencave në Inxhinieri Ndërtimi, f. 1). | H4: IV_b-INXHINIERI-NDERTIMI_MSH.pdf (f. 1) | IV_c-INXHINIERI-MEKANIKE_MSH.pdf (f. 2, 3) | I4: 3.8 | J4: E saktë | K4: jo | L4: Dy profilet e sakta. Përshkrimi përdor 'menaxhim' në vend të 'modelim/projektim' për Infrastrukturën e Transportit: paraphrasim i përgjithshëm, jo detaj i shpikur.
A5: 1 | B5: A | C5: po | D5: Cilat janë profilet e Master Shkencor në Inxhinieri Ndërtimi? | E5: Inxhinieri Strukturash dhe Infrastrukturë Transporti | F5: 4 | G5: Programi Master i Shkencave në Inxhinieri Ndërtimi ofron dy profile: 1. **Inxhinieri Strukturash** - Ky profil fokusohet në projektimin e strukturave speciale, aplikimin e metodave të avancuara të analizës dhe restaurimin e strukturave ekzistuese. 2. **Infrastrukturë Transporti** - Ky profil përfshin aspekte të menaxhimit dhe zhvillimit të infrastrukturës transporti (Burimi: Master i Shkencave në Inxhinieri Ndërtimi, f. 1). | H5: IV_b-INXHINIERI-NDERTIMI_MSH.pdf (f. 1) | IV_c-INXHINIERI-MEKANIKE_MSH.pdf (f. 2, 3) | I5: 2.87 | J5: E saktë | K5: jo | L5: Dy profilet e sakta. Përshkrimi përdor 'menaxhim' në vend të 'modelim/projektim' për Infrastrukturën e Transportit: paraphrasim i përgjithshëm, jo detaj i shpikur.
A6: 1 | B6: A | C6: po | D6: Cilat janë profilet e Master Shkencor në Inxhinieri Ndërtimi? | E6: Inxhinieri Strukturash dhe Infrastrukturë Transporti | F6: 5 | G6: Programi i Masterit të Shkencave në Inxhinieri Ndërtimi ofron dy profile: 1. **Inxhinieri Strukturash** - Ky profil përfshin projektimin e strukturave speciale prej betoni të armuar, aplikimin e metodave të avancuara të analizës për simullimin e sjelljes së strukturave, dhe analizimin e zgjidhjeve për restaurimin dhe përforcimin e strukturave ekzistuese. 2. **Infrastrukturë Transporti** - Ky profil fokusohet në menaxhimin dhe zhvillimin e infrastrukturës transportuese (Master i Shkencave në Inxhinieri Ndërtimi, f. 1). | H6: IV_b-INXHINIERI-NDERTIMI_MSH.pdf (f. 1) | IV_c-INXHINIERI-MEKANIKE_MSH.pdf (f. 2, 3) | I6: 2.97 | J6: E saktë | K6: jo | L6: Dy profilet e sakta. Përshkrimi përdor 'menaxhim' në vend të 'modelim/projektim' për Infrastrukturën e Transportit: paraphrasim i përgjithshëm, jo detaj i shpikur.
A7: 2 | B7: A | C7: po | D7: Cilat janë profilet e Master Shkencor në Inxhinieri Mekanike? | E7: Energjitikë dhe Infrastrukturë Transporti | F7: 1 | G7: (Teksti i përgjigjes së ekzekutimit origjinal nuk është i disponueshëm – vlerësimi është marrë nga Shtojca A.) | I7: 3.12 | J7: E saktë | K7: jo
A8: 2 | B8: A | C8: po | D8: Cilat janë profilet e Master Shkencor në Inxhinieri Mekanike? | E8: Energjitikë dhe Infrastrukturë Transporti | F8: 2 | G8: Programi i Masterit të Shkencave në Inxhinieri Mekanike ofron dy profile: 1. Energjitikë 2. Infrastrukturë Transporti Këto profile ofrojnë mundësi të specializimit në fusha të ndryshme të inxhinierisë mekanike. (Master i Shkencave në Inxhinieri Mekanike, f. 1) | H8: IV_c-INXHINIERI-MEKANIKE_MSH.pdf (f. 1, 2, 3) | I8: 2.04 | J8: E saktë | K8: jo
A9: 2 | B9: A | C9: po | D9: Cilat janë profilet e Master Shkencor në Inxhinieri Mekanike? | E9: Energjitikë dhe Infrastrukturë Transporti | F9: 3 | G9: Programi i Masterit të Shkencave në Inxhinieri Mekanike ofron dy profile: 1. **Energjitikë** 2. **Infrastrukturë Transporti** (Burimi: Master i Shkencave në Inxhinieri Mekanike, f. 1) | H9: IV_c-INXHINIERI-MEKANIKE_MSH.pdf (f. 1, 2, 3) | I9: 1.95 | J9: E saktë | K9: jo
A10: 2 | B10: A | C10: po | D10: Cilat janë profilet e Master Shkencor në Inxhinieri Mekanike? | E10: Energjitikë dhe Infrastrukturë Transporti | F10: 4 | G10: Programi i Masterit të Shkencave në Inxhinieri Mekanike ofron dy profile: 1. **Energjitikë** 2. **Infrastrukturë Transporti** (Burimi: Master i Shkencave në Inxhinieri Mekanike, f. 1) | H10: IV_c-INXHINIERI-MEKANIKE_MSH.pdf (f. 1, 2, 3) | I10: 1.69 | J10: E saktë | K10: jo
A11: 2 | B11: A | C11: po | D11: Cilat janë profilet e Master Shkencor në Inxhinieri Mekanike? | E11: Energjitikë dhe Infrastrukturë Transporti | F11: 5 | G11: Programi i Masterit të Shkencave në Inxhinieri Mekanike ofron dy profile: 1. **Energjitikë** 2. **Infrastrukturë Transporti** Këto profile ofrojnë mundësi të specializimit në fusha të ndryshme të inxhinierisë mekanike (Master i Shkencave në Inxhinieri Mekanike, f. 1). | H11: IV_c-INXHINIERI-MEKANIKE_MSH.pdf (f. 1, 2, 3) | I11: 2.26 | J11: E saktë | K11: jo
A12: 3 | B12: A | C12: po | D12: Cilat janë profilet e Master Shkencor në Inxhinieri Elektrike? | E12: Energjetikë dhe Automatizim-Industri | F12: 1 | G12: (Teksti i përgjigjes së ekzekutimit origjinal nuk është i disponueshëm – vlerësimi është marrë nga Shtojca A.) | I12: 2.29 | J12: Pjesërisht e saktë | K12: jo
A13: 3 | B13: A | C13: po | D13: Cilat janë profilet e Master Shkencor në Inxhinieri Elektrike? | E13: Energjetikë dhe Automatizim-Industri | F13: 2 | G13: Programi i Masterit të Shkencave në Inxhinieri Elektrike ka profilin e energjetikës. Studentët do të jenë të aftë: - Të krijojnë dhe menaxhojnë sisteme komplekse energjetike, duke përfshirë burimet e rinovueshme dhe të energjisë konvencionale, duke garantuar furnizim të qëndrueshëm dhe efikas. - Të vlerësojnë burimet e energjisë dhe ndikimet e tyre ekologjike, ekonomike dhe teknologjike për të realizuar projekte të qëndrueshme dhe të eficientë energjetike (Master i Shkencave në Inxhinieri Elektrike, f. 2). | H13: IV_c-INXHINIERI-ELEKTRIKE_MSH-2.pdf (f. 2, 3, 1) | IV_c-INXHINIERI-MEKANIKE_MSH.pdf (f. 2) | I13: 2.46 | J13: Pjesërisht e saktë | K13: jo | L13: Përmendet vetëm profili Energjetikë; mungon Automatizim-Industri. Përgjigjja e paraqet si 'një profil të veçantë'.
A14: 3 | B14: A | C14: po | D14: Cilat janë profilet e Master Shkencor në Inxhinieri Elektrike? | E14: Energjetikë dhe Automatizim-Industri | F14: 3 | G14: Programi i Masterit të Shkencave në Inxhinieri Elektrike ka një profil të veçantë, që është: **Profili: Energjitikë** - Studentët do të jenë të aftë të krijojnë dhe menaxhojnë sisteme komplekse energjetike, duke përfshirë burimet e rinovueshme dhe të energjisë konvencionale, duke garantuar furnizim të qëndrueshëm dhe efikas. - Ata do të vlerësojnë burimet e energjisë dhe ndikimet e tyre ekologjike, ekonomike dhe teknologjike për të realizuar projekte të qëndrueshme dhe të eficientë energjetike. (Master i Shkencave në Inxhinieri Elektrike, f. 2) | H14: IV_c-INXHINIERI-ELEKTRIKE_MSH-2.pdf (f. 2, 3, 1) | IV_c-INXHINIERI-MEKANIKE_MSH.pdf (f. 2) | I14: 2.47 | J14: Pjesërisht e saktë | K14: jo | L14: Përmendet vetëm profili Energjetikë; mungon Automatizim-Industri. Përgjigjja e paraqet si 'një profil të veçantë'.
A15: 3 | B15: A | C15: po | D15: Cilat janë profilet e Master Shkencor në Inxhinieri Elektrike? | E15: Energjetikë dhe Automatizim-Industri | F15: 4 | G15: Programi i Masterit të Shkencave në Inxhinieri Elektrike ka profilin e energjetikës. Studentët do të jenë të aftë: - Të krijojnë dhe menaxhojnë sisteme komplekse energjetike, duke përfshirë burimet e rinovueshme dhe të energjisë konvencionale, duke garantuar furnizim të qëndrueshëm dhe efikas. - Të vlerësojnë burimet e energjisë dhe ndikimet e tyre ekologjike, ekonomike dhe teknologjike për të realizuar projekte të qëndrueshme dhe të eficientë energjetike. (Burimi: Master i Shkencave në Inxhinieri Elektrike, f. 2) | H15: IV_c-INXHINIERI-ELEKTRIKE_MSH-2.pdf (f. 2, 3, 1) | IV_c-INXHINIERI-MEKANIKE_MSH.pdf (f. 2) | I15: 2.67 | J15: Pjesërisht e saktë | K15: jo | L15: Përmendet vetëm profili Energjetikë; mungon Automatizim-Industri. Përgjigjja e paraqet si 'një profil të veçantë'.
A16: 3 | B16: A | C16: po | D16: Cilat janë profilet e Master Shkencor në Inxhinieri Elektrike? | E16: Energjetikë dhe Automatizim-Industri | F16: 5 | G16: Programi i Masterit të Shkencave në Inxhinieri Elektrike ka një profil të veçantë, që është: **Profili: Energjitikë** - Studentët do të jenë të aftë të krijojnë dhe menaxhojnë sisteme komplekse energjetike, duke përfshirë burimet e rinovueshme dhe të energjisë konvencionale, duke garantuar furnizim të qëndrueshëm dhe efikas. - Ata do të vlerësojnë burimet e energjisë dhe ndikimet e tyre ekologjike, ekonomike dhe teknologjike për të realizuar projekte të qëndrueshme dhe të eficientë energjetike. (Master i Shkencave në Inxhinieri Elektrike, f. 2) | H16: IV_c-INXHINIERI-ELEKTRIKE_MSH-2.pdf (f. 2, 3, 1) | IV_c-INXHINIERI-MEKANIKE_MSH.pdf (f. 2) | I16: 3.02 | J16: Pjesërisht e saktë | K16: jo | L16: Përmendet vetëm profili Energjetikë; mungon Automatizim-Industri. Përgjigjja e paraqet si 'një profil të veçantë'.
A17: 4 | B17: A | C17: po | D17: Cilat janë profilet e Master Shkencor në Teknologji Informacioni? | E17: Zhvillim Softweresh; IT e biznesit; Menaxhim dhe Vlerësim Projektesh; Inovacion | F17: 1 | G17: (Teksti i përgjigjes së ekzekutimit origjinal nuk është i disponueshëm – vlerësimi është marrë nga Shtojca A.) | I17: 2.11 | J17: E saktë | K17: jo
A18: 4 | B18: A | C18: po | D18: Cilat janë profilet e Master Shkencor në Teknologji Informacioni? | E18: Zhvillim Softweresh; IT e biznesit; Menaxhim dhe Vlerësim Projektesh; Inovacion | F18: 2 | G18: Programi: Master i Shkencave në Teknologji Informacioni ka profilet e mëposhtme: 1. Profili I: 2. Profili II: 3. Profili III: 4. Profili IV: Burimi: Master i Shkencave në Teknologji Informacioni. | H18: MSc_-Teknologji-Informacioni.pdf (f. 1) | Msc_-Inxhinieri-Informatike.pdf (f. 1) | MSH-Informatike-Ekonomike-AL.pdf (f. 1) | I18: 1.95 | J18: E pasaktë | K18: jo | L18: Liston 4 etiketa bosh 'Profili I:' ... 'Profili IV:' pa emrat e profileve. Informacioni thelbësor mungon.
A19: 4 | B19: A | C19: po | D19: Cilat janë profilet e Master Shkencor në Teknologji Informacioni? | E19: Zhvillim Softweresh; IT e biznesit; Menaxhim dhe Vlerësim Projektesh; Inovacion | F19: 3 | G19: Programi: Master i Shkencave në Teknologji Informacioni ka profilet e mëposhtme: 1. Profili I: Zhvillim Softweresh 2. Profili II: IT e biznesit 3. Profili III: Menaxhim dhe Vlerësim Projektesh 4. Profili IV: Inovacion (Burimi: Master i Shkencave në Teknologji Informacioni, f. 1). | H19: MSc_-Teknologji-Informacioni.pdf (f. 1) | Msc_-Inxhinieri-Informatike.pdf (f. 1) | MSH-Informatike-Ekonomike-AL.pdf (f. 1) | I19: 2.19 | J19: E saktë | K19: jo
A20: 4 | B20: A | C20: po | D20: Cilat janë profilet e Master Shkencor në Teknologji Informacioni? | E20: Zhvillim Softweresh; IT e biznesit; Menaxhim dhe Vlerësim Projektesh; Inovacion | F20: 4 | G20: Programi: Master i Shkencave në Teknologji Informacioni ka profilet e mëposhtme: 1. Profili I: 2. Profili II: 3. Profili III: 4. Profili IV: Burimi: Master i Shkencave në Teknologji Informacioni. | H20: MSc_-Teknologji-Informacioni.pdf (f. 1) | Msc_-Inxhinieri-Informatike.pdf (f. 1) | MSH-Informatike-Ekonomike-AL.pdf (f. 1) | I20: 1.5 | J20: E pasaktë | K20: jo | L20: Liston 4 etiketa bosh 'Profili I:' ... 'Profili IV:' pa emrat e profileve. Informacioni thelbësor mungon.
A21: 4 | B21: A | C21: po | D21: Cilat janë profilet e Master Shkencor në Teknologji Informacioni? | E21: Zhvillim Softweresh; IT e biznesit; Menaxhim dhe Vlerësim Projektesh; Inovacion | F21: 5 | G21: Programi: Master i Shkencave në Teknologji Informacioni ka profilet e mëposhtme: 1. Profili I: 2. Profili II: 3. Profili III: 4. Profili IV: Burimi: Master i Shkencave në Teknologji Informacioni. | H21: MSc_-Teknologji-Informacioni.pdf (f. 1) | Msc_-Inxhinieri-Informatike.pdf (f. 1) | MSH-Informatike-Ekonomike-AL.pdf (f. 1) | I21: 1.49 | J21: E pasaktë | K21: jo | L21: Liston 4 etiketa bosh 'Profili I:' ... 'Profili IV:' pa emrat e profileve. Informacioni thelbësor mungon.
A22: 5 | B22: A | C22: po | D22: Cilat janë profilet e Master Shkencor në Inxhinieri Informatike? | E22: Inxhinieri Softwere-sh; Siguria e sistemeve të informacionit; Menaxhim të dhënash; Dizenjim dhe zhvillim aplikimesh | F22: 1 | G22: (Teksti i përgjigjes së ekzekutimit origjinal nuk është i disponueshëm – vlerësimi është marrë nga Shtojca A.) | I22: 2.51 | J22: E saktë | K22: jo
A23: 5 | B23: A | C23: po | D23: Cilat janë profilet e Master Shkencor në Inxhinieri Informatike? | E23: Inxhinieri Softwere-sh; Siguria e sistemeve të informacionit; Menaxhim të dhënash; Dizenjim dhe zhvillim aplikimesh | F23: 2 | G23: Programi: Master i Shkencave në Inxhinieri Informatike ka këto profile: 1. Profili IV: Dizenjim dhe zhvillim aplikimesh 2. Profili I: Inxhinieri Softwere-sh 3. Profili II: Siguria e sistemeve të informacionit 4. Profili III: Menaxhim të dhënash (Master i Shkencave në Inxhinieri Informatike, f. 1). | H23: Msc_-Inxhinieri-Informatike.pdf (f. 1) | IV_b-INXHINIERI-NDERTIMI_MSH.pdf (f. 1) | IV_c-INXHINIERI-MEKANIKE_MSH.pdf (f. 2) | I23: 2.03 | J23: E saktë | K23: jo
A24: 5 | B24: A | C24: po | D24: Cilat janë profilet e Master Shkencor në Inxhinieri Informatike? | E24: Inxhinieri Softwere-sh; Siguria e sistemeve të informacionit; Menaxhim të dhënash; Dizenjim dhe zhvillim aplikimesh | F24: 3 | G24: Programi: Master i Shkencave në Inxhinieri Informatike ka këto profile: 1. Profili IV: Dizenjim dhe zhvillim aplikimesh 2. Profili I: Inxhinieri Softwere-sh 3. Profili II: Siguria e sistemeve të informacionit 4. Profili III: Menaxhim të dhënash (Master i Shkencave në Inxhinieri Informatike, f. 1). | H24: Msc_-Inxhinieri-Informatike.pdf (f. 1) | IV_b-INXHINIERI-NDERTIMI_MSH.pdf (f. 1) | IV_c-INXHINIERI-MEKANIKE_MSH.pdf (f. 2) | I24: 1.68 | J24: =J23 | K24: =K23 | L24: Pothuajse identike me ekzekutimin 2
A25: 5 | B25: A | C25: po | D25: Cilat janë profilet e Master Shkencor në Inxhinieri Informatike? | E25: Inxhinieri Softwere-sh; Siguria e sistemeve të informacionit; Menaxhim të dhënash; Dizenjim dhe zhvillim aplikimesh | F25: 4 | G25: Programi: Master i Shkencave në Inxhinieri Informatike ka këto profile: 1. Profili IV: Dizenjim dhe zhvillim aplikimesh 2. Profili I: Inxhinieri Softwere-sh 3. Profili II: Siguria e sistemeve të informacionit 4. Profili III: Menaxhim të dhënash (Master i Shkencave në Inxhinieri Informatike, f. 1). | H25: Msc_-Inxhinieri-Informatike.pdf (f. 1) | IV_b-INXHINIERI-NDERTIMI_MSH.pdf (f. 1) | IV_c-INXHINIERI-MEKANIKE_MSH.pdf (f. 2) | I25: 2.09 | J25: =J23 | K25: =K23 | L25: Pothuajse identike me ekzekutimin 2
A26: 5 | B26: A | C26: po | D26: Cilat janë profilet e Master Shkencor në Inxhinieri Informatike? | E26: Inxhinieri Softwere-sh; Siguria e sistemeve të informacionit; Menaxhim të dhënash; Dizenjim dhe zhvillim aplikimesh | F26: 5 | G26: Programi: Master i Shkencave në Inxhinieri Informatike ka këta profile: 1. Profili IV: Dizenjim dhe zhvillim aplikimesh 2. Profili I: Inxhinieri Softwere-sh 3. Profili II: Siguria e sistemeve të informacionit 4. Profili III: Menaxhim të dhënash (Master i Shkencave në Inxhinieri Informatike, f. 1). | H26: Msc_-Inxhinieri-Informatike.pdf (f. 1) | IV_b-INXHINIERI-NDERTIMI_MSH.pdf (f. 1) | IV_c-INXHINIERI-MEKANIKE_MSH.pdf (f. 2) | I26: 1.7 | J26: =J23 | K26: =K23 | L26: Pothuajse identike me ekzekutimin 2
A27: 6 | B27: A | C27: po | D27: Sa ECTS ka lënda Inteligjenca artificiale në Master Inxhinieri Informatike? | E27: 6 ECTS; viti II; semestri 1 | F27: 1 | G27: (Teksti i përgjigjes së ekzekutimit origjinal nuk është i disponueshëm – vlerësimi është marrë nga Shtojca A.) | I27: 1.69 | J27: E saktë | K27: jo
A28: 6 | B28: A | C28: po | D28: Sa ECTS ka lënda Inteligjenca artificiale në Master Inxhinieri Informatike? | E28: 6 ECTS; viti II; semestri 1 | F28: 2 | G28: Lënda "Inteligjenca artificiale" në programin Master i Shkencave në Inxhinieri Informatike ka 6 ECTS (Burimi: Master i Shkencave në Inxhinieri Informatike, f. 1). | H28: Msc_-Inxhinieri-Informatike.pdf (f. 1) | MSc_-Teknologji-Informacioni.pdf (f. 1) | MSH-Informatike-Ekonomike-AL.pdf (f. 2) | I28: 2.06 | J28: E saktë | K28: jo
A29: 6 | B29: A | C29: po | D29: Sa ECTS ka lënda Inteligjenca artificiale në Master Inxhinieri Informatike? | E29: 6 ECTS; viti II; semestri 1 | F29: 3 | G29: Lënda Inteligjenca artificiale në Masterin e Shkencave në Inxhinieri Informatike ka 6 ECTS (Master i Shkencave në Inxhinieri Informatike, f. 1). | H29: Msc_-Inxhinieri-Informatike.pdf (f. 1) | MSc_-Teknologji-Informacioni.pdf (f. 1) | MSH-Informatike-Ekonomike-AL.pdf (f. 2) | I29: 1.22 | J29: =J28 | K29: =K28 | L29: Pothuajse identike me ekzekutimin 2
A30: 6 | B30: A | C30: po | D30: Sa ECTS ka lënda Inteligjenca artificiale në Master Inxhinieri Informatike? | E30: 6 ECTS; viti II; semestri 1 | F30: 4 | G30: Lënda Inteligjenca artificiale në Masterin e Shkencave në Inxhinieri Informatike ka 6 ECTS (Master i Shkencave në Inxhinieri Informatike, f. 1). | H30: Msc_-Inxhinieri-Informatike.pdf (f. 1) | MSc_-Teknologji-Informacioni.pdf (f. 1) | MSH-Informatike-Ekonomike-AL.pdf (f. 2) | I30: 1.28 | J30: =J28 | K30: =K28 | L30: Pothuajse identike me ekzekutimin 2
A31: 6 | B31: A | C31: po | D31: Sa ECTS ka lënda Inteligjenca artificiale në Master Inxhinieri Informatike? | E31: 6 ECTS; viti II; semestri 1 | F31: 5 | G31: Lënda Inteligjenca artificiale në Masterin e Shkencave në Inxhinieri Informatike ka 6 ECTS (Master i Shkencave në Inxhinieri Informatike, f. 1). | H31: Msc_-Inxhinieri-Informatike.pdf (f. 1) | MSc_-Teknologji-Informacioni.pdf (f. 1) | MSH-Informatike-Ekonomike-AL.pdf (f. 2) | I31: 1.27 | J31: =J28 | K31: =K28 | L31: Pothuajse identike me ekzekutimin 2
A32: 7 | B32: A | C32: po | D32: Në cilin vit dhe semestër jepet Metoda kërkimi në inxhinieri te Master Inxhinieri Ndërtimi? | E32: Viti II; semestri 1 (6 ECTS) | F32: 1 | G32: (Teksti i përgjigjes së ekzekutimit origjinal nuk është i disponueshëm – vlerësimi është marrë nga Shtojca A.) | I32: 1.33 | J32: E pasaktë | K32: jo
A33: 7 | B33: A | C33: po | D33: Në cilin vit dhe semestër jepet Metoda kërkimi në inxhinieri te Master Inxhinieri Ndërtimi? | E33: Viti II; semestri 1 (6 ECTS) | F33: 2 | G33: Nuk e gjej këtë informacion në dokumentet e disponueshme. Të lutem kontakto administratën e UET-së për detaje të tilla. | H33: IV_b-INXHINIERI-NDERTIMI_MSH.pdf (f. 2) | IV_c-INXHINIERI-MEKANIKE_MSH.pdf (f. 3, 1) | IV_c-INXHINIERI-ELEKTRIKE_MSH-2.pdf (f. 1) | I33: 1.53 | J33: E pasaktë | K33: jo | L33: Refuzim i gabuar: informacioni gjendet te dokumenti i Inxhinieri Ndërtimi (Viti II, semestri 1).
A34: 7 | B34: A | C34: po | D34: Në cilin vit dhe semestër jepet Metoda kërkimi në inxhinieri te Master Inxhinieri Ndërtimi? | E34: Viti II; semestri 1 (6 ECTS) | F34: 3 | G34: Nuk e gjej këtë informacion në dokumentet e disponueshme. Të lutem, kontakto administratën e UET-së për detaje të tilla. | H34: IV_b-INXHINIERI-NDERTIMI_MSH.pdf (f. 2) | IV_c-INXHINIERI-MEKANIKE_MSH.pdf (f. 3, 1) | IV_c-INXHINIERI-ELEKTRIKE_MSH-2.pdf (f. 1) | I34: 1.44 | J34: E pasaktë | K34: jo | L34: Refuzim i gabuar: informacioni gjendet te dokumenti i Inxhinieri Ndërtimi (Viti II, semestri 1).
A35: 7 | B35: A | C35: po | D35: Në cilin vit dhe semestër jepet Metoda kërkimi në inxhinieri te Master Inxhinieri Ndërtimi? | E35: Viti II; semestri 1 (6 ECTS) | F35: 4 | G35: Nuk e gjej këtë informacion në dokumentet e disponueshme. Të lutem, kontakto administratën e UET-së për detaje të sakta rreth vitit dhe semestrit të lëndës "Metoda kërkimi në inxhinieri" te Masteri i Shkencave në Inxhinieri Ndërtimi. | H35: IV_b-INXHINIERI-NDERTIMI_MSH.pdf (f. 2) | IV_c-INXHINIERI-MEKANIKE_MSH.pdf (f. 3, 1) | IV_c-INXHINIERI-ELEKTRIKE_MSH-2.pdf (f. 1) | I35: 1.59 | J35: E pasaktë | K35: jo | L35: Refuzim i gabuar: informacioni gjendet te dokumenti i Inxhinieri Ndërtimi (Viti II, semestri 1).
A36: 7 | B36: A | C36: po | D36: Në cilin vit dhe semestër jepet Metoda kërkimi në inxhinieri te Master Inxhinieri Ndërtimi? | E36: Viti II; semestri 1 (6 ECTS) | F36: 5 | G36: Nuk e gjej këtë informacion në dokumentet e disponueshme. Të lutem kontakto administratën e UET-së për detaje të sakta rreth vitit dhe semestrit të lëndës "Metoda kërkimi në inxhinieri" në programin e Masterit në Inxhinieri Ndërtimi. | H36: IV_b-INXHINIERI-NDERTIMI_MSH.pdf (f. 2) | IV_c-INXHINIERI-MEKANIKE_MSH.pdf (f. 3, 1) | IV_c-INXHINIERI-ELEKTRIKE_MSH-2.pdf (f. 1) | I36: 1.54 | J36: E pasaktë | K36: jo | L36: Refuzim i gabuar: informacioni gjendet te dokumenti i Inxhinieri Ndërtimi (Viti II, semestri 1).
A37: 8 | B37: A | C37: po | D37: Në cilin vit dhe semestër jepet Metoda kërkimi në inxhinieri te Master Inxhinieri Informatike? | E37: Viti I; semestri 1 (6 ECTS) | F37: 1 | G37: (Teksti i përgjigjes së ekzekutimit origjinal nuk është i disponueshëm – vlerësimi është marrë nga Shtojca A.) | I37: 1.38 | J37: E saktë | K37: jo
A38: 8 | B38: A | C38: po | D38: Në cilin vit dhe semestër jepet Metoda kërkimi në inxhinieri te Master Inxhinieri Informatike? | E38: Viti I; semestri 1 (6 ECTS) | F38: 2 | G38: Lënda "Metoda kërkimi në inxhinieri" jepet në vitin I, semestrin 1 te Masteri i Shkencave në Inxhinieri Informatike (Master i Shkencave në Inxhinieri Informatike, f. 1). | H38: Msc_-Inxhinieri-Informatike.pdf (f. 1) | IV_c-INXHINIERI-MEKANIKE_MSH.pdf (f. 2, 3) | I38: 1.43 | J38: E saktë | K38: jo
A39: 8 | B39: A | C39: po | D39: Në cilin vit dhe semestër jepet Metoda kërkimi në inxhinieri te Master Inxhinieri Informatike? | E39: Viti I; semestri 1 (6 ECTS) | F39: 3 | G39: Lënda "Metoda kërkimi në inxhinieri" në programin Master i Shkencave në Inxhinieri Informatike jepet në vitin I, semestrin 1 (Master i Shkencave në Inxhinieri Informatike, f. 1). | H39: Msc_-Inxhinieri-Informatike.pdf (f. 1) | IV_c-INXHINIERI-MEKANIKE_MSH.pdf (f. 2, 3) | I39: 1.61 | J39: E saktë | K39: jo
A40: 8 | B40: A | C40: po | D40: Në cilin vit dhe semestër jepet Metoda kërkimi në inxhinieri te Master Inxhinieri Informatike? | E40: Viti I; semestri 1 (6 ECTS) | F40: 4 | G40: Metoda kërkimi në inxhinieri jepet në vitin I, semestrin 1 te Masteri i Shkencave në Inxhinieri Informatike (Master i Shkencave në Inxhinieri Informatike, f. 1). | H40: Msc_-Inxhinieri-Informatike.pdf (f. 1) | IV_c-INXHINIERI-MEKANIKE_MSH.pdf (f. 2, 3) | I40: 1.4 | J40: E saktë | K40: jo
A41: 8 | B41: A | C41: po | D41: Në cilin vit dhe semestër jepet Metoda kërkimi në inxhinieri te Master Inxhinieri Informatike? | E41: Viti I; semestri 1 (6 ECTS) | F41: 5 | G41: Lënda "Metoda kërkimi në inxhinieri" në programin Master i Shkencave në Inxhinieri Informatike jepet në vitin I, semestrin 1 (Master i Shkencave në Inxhinieri Informatike, f. 1). | H41: Msc_-Inxhinieri-Informatike.pdf (f. 1) | IV_c-INXHINIERI-MEKANIKE_MSH.pdf (f. 2, 3) | I41: 1.87 | J41: E saktë | K41: jo
A42: 9 | B42: A | C42: po | D42: Sa ECTS ka Punimi i diplomës te Master Inxhinieri Elektrike? | E42: 24 ECTS | F42: 1 | G42: (Teksti i përgjigjes së ekzekutimit origjinal nuk është i disponueshëm – vlerësimi është marrë nga Shtojca A.) | I42: 1.49 | J42: E saktë | K42: jo
A43: 9 | B43: A | C43: po | D43: Sa ECTS ka Punimi i diplomës te Master Inxhinieri Elektrike? | E43: 24 ECTS | F43: 2 | G43: Punimi i diplomës te Master i Shkencave në Inxhinieri Elektrike ka 24 ECTS (Master i Shkencave në Inxhinieri Elektrike, f. 4). | H43: IV_c-INXHINIERI-ELEKTRIKE_MSH-2.pdf (f. 1, 3, 4) | I43: 1.33 | J43: E saktë | K43: jo
A44: 9 | B44: A | C44: po | D44: Sa ECTS ka Punimi i diplomës te Master Inxhinieri Elektrike? | E44: 24 ECTS | F44: 3 | G44: Punimi i diplomës te Master i Shkencave në Inxhinieri Elektrike ka 24 ECTS (Master i Shkencave në Inxhinieri Elektrike, f. 4). | H44: IV_c-INXHINIERI-ELEKTRIKE_MSH-2.pdf (f. 1, 3, 4) | I44: 1.25 | J44: =J43 | K44: =K43 | L44: Pothuajse identike me ekzekutimin 2
A45: 9 | B45: A | C45: po | D45: Sa ECTS ka Punimi i diplomës te Master Inxhinieri Elektrike? | E45: 24 ECTS | F45: 4 | G45: Punimi i diplomës te Master i Shkencave në Inxhinieri Elektrike ka 24 ECTS (Master i Shkencave në Inxhinieri Elektrike, f. 4). | H45: IV_c-INXHINIERI-ELEKTRIKE_MSH-2.pdf (f. 1, 3, 4) | I45: 1.36 | J45: =J43 | K45: =K43 | L45: Pothuajse identike me ekzekutimin 2
A46: 9 | B46: A | C46: po | D46: Sa ECTS ka Punimi i diplomës te Master Inxhinieri Elektrike? | E46: 24 ECTS | F46: 5 | G46: Punimi i diplomës te Master i Shkencave në Inxhinieri Elektrike ka 24 ECTS (Master i Shkencave në Inxhinieri Elektrike, f. 4). | H46: IV_c-INXHINIERI-ELEKTRIKE_MSH-2.pdf (f. 1, 3, 4) | I46: 1.37 | J46: =J43 | K46: =K43 | L46: Pothuajse identike me ekzekutimin 2
A47: 10 | B47: A | C47: po | D47: Sa ECTS ka Punimi i diplomës te Master Inxhinieri Ndërtimi? | E47: 28 ECTS | F47: 1 | G47: (Teksti i përgjigjes së ekzekutimit origjinal nuk është i disponueshëm – vlerësimi është marrë nga Shtojca A.) | I47: 1.13 | J47: E saktë | K47: jo
A48: 10 | B48: A | C48: po | D48: Sa ECTS ka Punimi i diplomës te Master Inxhinieri Ndërtimi? | E48: 28 ECTS | F48: 2 | G48: Punimi i diplomës te Master i Shkencave në Inxhinieri Ndërtimi ka 28 ECTS (Master i Shkencave në Inxhinieri Ndërtimi, f. 3). | H48: IV_b-INXHINIERI-NDERTIMI_MSH.pdf (f. 2, 3) | IV_c-INXHINIERI-MEKANIKE_MSH.pdf (f. 3) | Msc_-Inxhinieri-Informatike.pdf (f. 1) | IV_c-INXHINIERI-ELEKTRIKE_MSH-2.pdf (f. 1) | I48: 1.45 | J48: E saktë | K48: jo
A49: 10 | B49: A | C49: po | D49: Sa ECTS ka Punimi i diplomës te Master Inxhinieri Ndërtimi? | E49: 28 ECTS | F49: 3 | G49: Punimi i diplomës te Master i Shkencave në Inxhinieri Ndërtimi ka 28 ECTS (Master i Shkencave në Inxhinieri Ndërtimi, f. 3). | H49: IV_b-INXHINIERI-NDERTIMI_MSH.pdf (f. 2, 3) | IV_c-INXHINIERI-MEKANIKE_MSH.pdf (f. 3) | Msc_-Inxhinieri-Informatike.pdf (f. 1) | IV_c-INXHINIERI-ELEKTRIKE_MSH-2.pdf (f. 1) | I49: 1.33 | J49: =J48 | K49: =K48 | L49: Pothuajse identike me ekzekutimin 2
A50: 10 | B50: A | C50: po | D50: Sa ECTS ka Punimi i diplomës te Master Inxhinieri Ndërtimi? | E50: 28 ECTS | F50: 4 | G50: Punimi i diplomës te Master i Shkencave në Inxhinieri Ndërtimi ka 28 ECTS (Master i Shkencave në Inxhinieri Ndërtimi, f. 3). | H50: IV_b-INXHINIERI-NDERTIMI_MSH.pdf (f. 2, 3) | IV_c-INXHINIERI-MEKANIKE_MSH.pdf (f. 3) | Msc_-Inxhinieri-Informatike.pdf (f. 1) | IV_c-INXHINIERI-ELEKTRIKE_MSH-2.pdf (f. 1) | I50: 1.92 | J50: =J48 | K50: =K48 | L50: Pothuajse identike me ekzekutimin 2
A51: 10 | B51: A | C51: po | D51: Sa ECTS ka Punimi i diplomës te Master Inxhinieri Ndërtimi? | E51: 28 ECTS | F51: 5 | G51: Punimi i diplomës te Master i Shkencave në Inxhinieri Ndërtimi ka 28 ECTS (Master i Shkencave në Inxhinieri Ndërtimi, f. 3). | H51: IV_b-INXHINIERI-NDERTIMI_MSH.pdf (f. 2, 3) | IV_c-INXHINIERI-MEKANIKE_MSH.pdf (f. 3) | Msc_-Inxhinieri-Informatike.pdf (f. 1) | IV_c-INXHINIERI-ELEKTRIKE_MSH-2.pdf (f. 1) | I51: 2.68 | J51: =J48 | K51: =K48 | L51: Pothuajse identike me ekzekutimin 2
A52: 11 | B52: A | C52: po | D52: Sa ECTS ka Mekanika e Dherave Shkembit dhe Themeleve në Inxhinieri Ndërtimi? | E52: 10 ECTS; viti I; semestri 1 | F52: 1 | G52: (Teksti i përgjigjes së ekzekutimit origjinal nuk është i disponueshëm – vlerësimi është marrë nga Shtojca A.) | I52: 1.54 | J52: E saktë | K52: jo
A53: 11 | B53: A | C53: po | D53: Sa ECTS ka Mekanika e Dherave Shkembit dhe Themeleve në Inxhinieri Ndërtimi? | E53: 10 ECTS; viti I; semestri 1 | F53: 2 | G53: Mekanika e Dherave, Shkembit dhe Themeleve në Inxhinieri Ndërtimi ka 10 ECTS (Master i Shkencave në Inxhinieri Ndërtimi, f. 3). | H53: IV_c-INXHINIERI-MEKANIKE_MSH.pdf (f. 5, 1) | IV_b-INXHINIERI-NDERTIMI_MSH.pdf (f. 3) | IV_c-INXHINIERI-ELEKTRIKE_MSH-2.pdf (f. 4) | I53: 1.31 | J53: E saktë | K53: jo
A54: 11 | B54: A | C54: po | D54: Sa ECTS ka Mekanika e Dherave Shkembit dhe Themeleve në Inxhinieri Ndërtimi? | E54: 10 ECTS; viti I; semestri 1 | F54: 3 | G54: Mekanika e Dherave, Shkembit dhe Themeleve në Inxhinieri Ndërtimi ka 10 ECTS (Master i Shkencave në Inxhinieri Ndërtimi, f. 3). | H54: IV_c-INXHINIERI-MEKANIKE_MSH.pdf (f. 5, 1) | IV_b-INXHINIERI-NDERTIMI_MSH.pdf (f. 3) | IV_c-INXHINIERI-ELEKTRIKE_MSH-2.pdf (f. 4) | I54: 1.24 | J54: =J53 | K54: =K53 | L54: Pothuajse identike me ekzekutimin 2
A55: 11 | B55: A | C55: po | D55: Sa ECTS ka Mekanika e Dherave Shkembit dhe Themeleve në Inxhinieri Ndërtimi? | E55: 10 ECTS; viti I; semestri 1 | F55: 4 | G55: Mekanika e Dherave, Shkembit dhe Themeleve në programin e Inxhinierisë Ndërtimi ka 10 ECTS (Master i Shkencave në Inxhinieri Ndërtimi, f. 3). | H55: IV_c-INXHINIERI-MEKANIKE_MSH.pdf (f. 5, 1) | IV_b-INXHINIERI-NDERTIMI_MSH.pdf (f. 3) | IV_c-INXHINIERI-ELEKTRIKE_MSH-2.pdf (f. 4) | I55: 1.82 | J55: =J53 | K55: =K53 | L55: Pothuajse identike me ekzekutimin 2
A56: 11 | B56: A | C56: po | D56: Sa ECTS ka Mekanika e Dherave Shkembit dhe Themeleve në Inxhinieri Ndërtimi? | E56: 10 ECTS; viti I; semestri 1 | F56: 5 | G56: Mekanika e Dherave, Shkembit dhe Themeleve në Inxhinieri Ndërtimi ka 10 ECTS (Master i Shkencave në Inxhinieri Ndërtimi, f. 3). | H56: IV_c-INXHINIERI-MEKANIKE_MSH.pdf (f. 5, 1) | IV_b-INXHINIERI-NDERTIMI_MSH.pdf (f. 3) | IV_c-INXHINIERI-ELEKTRIKE_MSH-2.pdf (f. 4) | I56: 1.72 | J56: =J53 | K56: =K53 | L56: Pothuajse identike me ekzekutimin 2
A57: 12 | B57: A | C57: po | D57: Sa ECTS ka lënda Zhvillim Webi: aplikime dhe programim në Teknologji Informacioni? | E57: 10 ECTS; viti II; semestri 2 | F57: 1 | G57: (Teksti i përgjigjes së ekzekutimit origjinal nuk është i disponueshëm – vlerësimi është marrë nga Shtojca A.) | I57: 1.12 | J57: E pasaktë | K57: jo
A58: 12 | B58: A | C58: po | D58: Sa ECTS ka lënda Zhvillim Webi: aplikime dhe programim në Teknologji Informacioni? | E58: 10 ECTS; viti II; semestri 2 | F58: 2 | G58: Nuk e gjej këtë informacion në dokumentet e disponueshme. Të lutem kontakto administratën e UET-së për detaje të tjera. | H58: Hyrje ne Javascript.pdf (f. 3, 1) | Express.js.pdf (f. 3) | React.js.pdf (f. 3) | Node.js.pdf (f. 3) | I58: 1.36 | J58: E pasaktë | K58: jo | L58: Refuzim i gabuar: Zhvillim Webi (10 ECTS, viti II, semestri 2) gjendet te plani i Teknologji Informacioni.
A59: 12 | B59: A | C59: po | D59: Sa ECTS ka lënda Zhvillim Webi: aplikime dhe programim në Teknologji Informacioni? | E59: 10 ECTS; viti II; semestri 2 | F59: 3 | G59: Nuk e gjej këtë informacion në dokumentet e disponueshme. Të lutem, kontakto administratën e UET-së për detaje të tjera. | H59: Hyrje ne Javascript.pdf (f. 3, 1) | Express.js.pdf (f. 3) | React.js.pdf (f. 3) | Node.js.pdf (f. 3) | I59: 1.46 | J59: =J58 | K59: =K58 | L59: Pothuajse identike me ekzekutimin 2
A60: 12 | B60: A | C60: po | D60: Sa ECTS ka lënda Zhvillim Webi: aplikime dhe programim në Teknologji Informacioni? | E60: 10 ECTS; viti II; semestri 2 | F60: 4 | G60: Nuk e gjej këtë informacion në dokumentet e disponueshme. Të lutem kontakto administratën e UET-së për detaje të mëtejshme. | H60: Hyrje ne Javascript.pdf (f. 3, 1) | Express.js.pdf (f. 3) | React.js.pdf (f. 3) | Node.js.pdf (f. 3) | I60: 1.55 | J60: =J58 | K60: =K58 | L60: Pothuajse identike me ekzekutimin 2
A61: 12 | B61: A | C61: po | D61: Sa ECTS ka lënda Zhvillim Webi: aplikime dhe programim në Teknologji Informacioni? | E61: 10 ECTS; viti II; semestri 2 | F61: 5 | G61: Nuk e gjej këtë informacion në dokumentet e disponueshme. Të lutem kontakto administratën e UET-së për detaje të mëtejshme. | H61: Hyrje ne Javascript.pdf (f. 3, 1) | Express.js.pdf (f. 3) | React.js.pdf (f. 3) | Node.js.pdf (f. 3) | I61: 1.48 | J61: =J58 | K61: =K58 | L61: Pothuajse identike me ekzekutimin 2
A62: 13 | B62: A | C62: po | D62: Sa ECTS ka Praktika profesionale te Master Inxhinieri Mekanike? | E62: 12 ECTS | F62: 1 | G62: (Teksti i përgjigjes së ekzekutimit origjinal nuk është i disponueshëm – vlerësimi është marrë nga Shtojca A.) | I62: 1.64 | J62: E pasaktë | K62: jo
A63: 13 | B63: A | C63: po | D63: Sa ECTS ka Praktika profesionale te Master Inxhinieri Mekanike? | E63: 12 ECTS | F63: 2 | G63: Nuk e gjej këtë informacion në dokumentet e disponueshme. Të rekomandoj të kontaktosh administratën e UET-së për detaje të sakta mbi kreditet ECTS për Praktikën profesionale në Masterin e Inxhinierisë Mekanike. | H63: IV_c-INXHINIERI-MEKANIKE_MSH.pdf (f. 1, 3) | IV_c-INXHINIERI-ELEKTRIKE_MSH-2.pdf (f. 1) | I63: 1.71 | J63: E pasaktë | K63: jo | L63: Refuzim i gabuar: Praktika profesionale ka 12 ECTS te dokumenti i Inxhinieri Mekanike.
A64: 13 | B64: A | C64: po | D64: Sa ECTS ka Praktika profesionale te Master Inxhinieri Mekanike? | E64: 12 ECTS | F64: 3 | G64: Nuk e gjej këtë informacion në dokumentet e disponueshme. Të lutem kontakto administratën e UET-së për detaje të tjera. | H64: IV_c-INXHINIERI-MEKANIKE_MSH.pdf (f. 1, 3) | IV_c-INXHINIERI-ELEKTRIKE_MSH-2.pdf (f. 1) | I64: 1.6 | J64: E pasaktë | K64: jo | L64: Refuzim i gabuar: Praktika profesionale ka 12 ECTS te dokumenti i Inxhinieri Mekanike.
A65: 13 | B65: A | C65: po | D65: Sa ECTS ka Praktika profesionale te Master Inxhinieri Mekanike? | E65: 12 ECTS | F65: 4 | G65: Nuk e gjej këtë informacion në dokumentet e disponueshme. Të lutem kontakto administratën e UET-së për detaje të sakta mbi ECTS për Praktikën profesionale në Masterin e Inxhinierisë Mekanike. | H65: IV_c-INXHINIERI-MEKANIKE_MSH.pdf (f. 1, 3) | IV_c-INXHINIERI-ELEKTRIKE_MSH-2.pdf (f. 1) | I65: 1.25 | J65: E pasaktë | K65: jo | L65: Refuzim i gabuar: Praktika profesionale ka 12 ECTS te dokumenti i Inxhinieri Mekanike.
A66: 13 | B66: A | C66: po | D66: Sa ECTS ka Praktika profesionale te Master Inxhinieri Mekanike? | E66: 12 ECTS | F66: 5 | G66: Nuk e gjej këtë informacion në dokumentet e disponueshme. Të këshilloj të kontaktosh administratën e UET-së për detaje të sakta mbi ECTS për Praktikën profesionale në Masterin e Inxhinierisë Mekanike. | H66: IV_c-INXHINIERI-MEKANIKE_MSH.pdf (f. 1, 3) | IV_c-INXHINIERI-ELEKTRIKE_MSH-2.pdf (f. 1) | I66: 1.53 | J66: E pasaktë | K66: jo | L66: Refuzim i gabuar: Praktika profesionale ka 12 ECTS te dokumenti i Inxhinieri Mekanike.
A67: 14 | B67: A | C67: po | D67: A është Inteligjenca artificiale lëndë profili te Master Teknologji Informacioni? | E67: Po; te profili Zhvillim Softweresh; 6 ECTS; viti II; semestri 1 | F67: 1 | G67: (Teksti i përgjigjes së ekzekutimit origjinal nuk është i disponueshëm – vlerësimi është marrë nga Shtojca A.) | I67: 1.85 | J67: E pasaktë | K67: jo
A68: 14 | B68: A | C68: po | D68: A është Inteligjenca artificiale lëndë profili te Master Teknologji Informacioni? | E68: Po; te profili Zhvillim Softweresh; 6 ECTS; viti II; semestri 1 | F68: 2 | G68: Inteligjenca artificiale është një lëndë që ofrohet në programin e Masterit të Shkencave në Teknologji Informacioni, por ajo është pjesë e grupit të lëndëve ndërdisiplinore ose integruese dhe jo specifikisht lëndë profili (Master i Shkencave në Teknologji Informacioni, f. 1). | H68: MSc_-Teknologji-Informacioni.pdf (f. 1) | MP-Informatike-e-Aplikuar.pdf (f. 1) | MSH-Informatike-Ekonomike-AL.pdf (f. 2) | Msc_-Inxhinieri-Informatike.pdf (f. 1) | I68: 1.7 | J68: E pasaktë | K68: jo | L68: Thotë se Inteligjenca artificiale nuk është lëndë profili, por dokumenti e vendos te profili Zhvillim Softweresh (6 ECTS, viti II, semestri 1). Gabim leximi i strukturës, jo detaj i shpikur.
A69: 14 | B69: A | C69: po | D69: A është Inteligjenca artificiale lëndë profili te Master Teknologji Informacioni? | E69: Po; te profili Zhvillim Softweresh; 6 ECTS; viti II; semestri 1 | F69: 3 | G69: Nuk e gjej këtë informacion në dokumentet e disponueshme. Të sugjeroj të kontaktojë administratën e UET-së për detaje të sakta mbi lëndët e profileve. | H69: MSc_-Teknologji-Informacioni.pdf (f. 1) | MP-Informatike-e-Aplikuar.pdf (f. 1) | MSH-Informatike-Ekonomike-AL.pdf (f. 2) | Msc_-Inxhinieri-Informatike.pdf (f. 1) | I69: 1.71 | J69: E pasaktë | K69: jo | L69: Refuzim i gabuar: informacioni gjendet te plani i Teknologji Informacioni.
A70: 14 | B70: A | C70: po | D70: A është Inteligjenca artificiale lëndë profili te Master Teknologji Informacioni? | E70: Po; te profili Zhvillim Softweresh; 6 ECTS; viti II; semestri 1 | F70: 4 | G70: Nuk e gjej këtë informacion në dokumentet e disponueshme. Të sugjeroj të kontaktosh administratën e UET-së për detaje të sakta. | H70: MSc_-Teknologji-Informacioni.pdf (f. 1) | MP-Informatike-e-Aplikuar.pdf (f. 1) | MSH-Informatike-Ekonomike-AL.pdf (f. 2) | Msc_-Inxhinieri-Informatike.pdf (f. 1) | I70: 1.31 | J70: E pasaktë | K70: jo | L70: Refuzim i gabuar: informacioni gjendet te plani i Teknologji Informacioni.
A71: 14 | B71: A | C71: po | D71: A është Inteligjenca artificiale lëndë profili te Master Teknologji Informacioni? | E71: Po; te profili Zhvillim Softweresh; 6 ECTS; viti II; semestri 1 | F71: 5 | G71: Nuk e gjej këtë informacion në dokumentet e disponueshme. Të sugjeroj të kontaktosh administratën e UET-së për detaje të sakta rreth lëndëve të profilit në Masterin e Shkencave në Teknologji Informacioni. | H71: MSc_-Teknologji-Informacioni.pdf (f. 1) | MP-Informatike-e-Aplikuar.pdf (f. 1) | MSH-Informatike-Ekonomike-AL.pdf (f. 2) | Msc_-Inxhinieri-Informatike.pdf (f. 1) | I71: 1.39 | J71: E pasaktë | K71: jo | L71: Refuzim i gabuar: informacioni gjendet te plani i Teknologji Informacioni.
A72: 15 | B72: A | C72: po | D72: Cilat lëndë ka profili Siguria e sistemeve të informacionit në Inxhinieri Informatike? | E72: Kontrolli dhe auditimi i sigurisë në rrjetat kompjuterike; Menaxhimi i riskut në IT; Kriptografia dhe Ethical Hacking | F72: 1 | G72: (Teksti i përgjigjes së ekzekutimit origjinal nuk është i disponueshëm – vlerësimi është marrë nga Shtojca A.) | I72: 2.29 | J72: E saktë | K72: jo
A73: 15 | B73: A | C73: po | D73: Cilat lëndë ka profili Siguria e sistemeve të informacionit në Inxhinieri Informatike? | E73: Kontrolli dhe auditimi i sigurisë në rrjetat kompjuterike; Menaxhimi i riskut në IT; Kriptografia dhe Ethical Hacking | F73: 2 | G73: Programi: Master i Shkencave në Inxhinieri Informatike Profili II: Siguria e sistemeve të informacionit përfshin lëndët si më poshtë: 1. Kontrolli dhe auditimi i sigurisë në rrjetat kompjuterike - 6 ECTS 2. Menaxhimi i riskut në IT - 6 ECTS 3. Kriptografia dhe Ethical Hacking - 6 ECTS Burimi: Master i Shkencave në Inxhinieri Informatike. | H73: Msc_-Inxhinieri-Informatike.pdf (f. 1) | MP-Informatike-e-Aplikuar.pdf (f. 1) | IV_c-INXHINIERI-ELEKTRIKE_MSH-2.pdf (f. 1) | I73: 1.9 | J73: E saktë | K73: jo
A74: 15 | B74: A | C74: po | D74: Cilat lëndë ka profili Siguria e sistemeve të informacionit në Inxhinieri Informatike? | E74: Kontrolli dhe auditimi i sigurisë në rrjetat kompjuterike; Menaxhimi i riskut në IT; Kriptografia dhe Ethical Hacking | F74: 3 | G74: Programi: Master i Shkencave në Inxhinieri Informatike Profili II: Siguria e sistemeve të informacionit përfshin lëndët si më poshtë: 1. Kontrolli dhe auditimi i sigurisë në rrjetat kompjuterike - 6 ECTS 2. Menaxhimi i riskut në IT - 6 ECTS 3. Kriptografia dhe Ethical Hacking - 6 ECTS Burimi: Master i Shkencave në Inxhinieri Informatike. | H74: Msc_-Inxhinieri-Informatike.pdf (f. 1) | MP-Informatike-e-Aplikuar.pdf (f. 1) | IV_c-INXHINIERI-ELEKTRIKE_MSH-2.pdf (f. 1) | I74: 2.3 | J74: =J73 | K74: =K73 | L74: Pothuajse identike me ekzekutimin 2
A75: 15 | B75: A | C75: po | D75: Cilat lëndë ka profili Siguria e sistemeve të informacionit në Inxhinieri Informatike? | E75: Kontrolli dhe auditimi i sigurisë në rrjetat kompjuterike; Menaxhimi i riskut në IT; Kriptografia dhe Ethical Hacking | F75: 4 | G75: Programi: Master i Shkencave në Inxhinieri Informatike Profili II: Siguria e sistemeve të informacionit përfshin lëndët si më poshtë: 1. Kontrolli dhe auditimi i sigurisë në rrjetat kompjuterike - 6 ECTS 2. Menaxhimi i riskut në IT - 6 ECTS 3. Kriptografia dhe Ethical Hacking - 6 ECTS Burimi: Master i Shkencave në Inxhinieri Informatike. | H75: Msc_-Inxhinieri-Informatike.pdf (f. 1) | MP-Informatike-e-Aplikuar.pdf (f. 1) | IV_c-INXHINIERI-ELEKTRIKE_MSH-2.pdf (f. 1) | I75: 2.51 | J75: =J73 | K75: =K73 | L75: Pothuajse identike me ekzekutimin 2
A76: 15 | B76: A | C76: po | D76: Cilat lëndë ka profili Siguria e sistemeve të informacionit në Inxhinieri Informatike? | E76: Kontrolli dhe auditimi i sigurisë në rrjetat kompjuterike; Menaxhimi i riskut në IT; Kriptografia dhe Ethical Hacking | F76: 5 | G76: Programi: Master i Shkencave në Inxhinieri Informatike Profili II: Siguria e sistemeve të informacionit përfshin lëndët si më poshtë: 1. Kontrolli dhe auditimi i sigurisë në rrjetat kompjuterike - 6 ECTS 2. Menaxhimi i riskut në IT - 6 ECTS 3. Kriptografia dhe Ethical Hacking - 6 ECTS Burimi: Master i Shkencave në Inxhinieri Informatike. | H76: Msc_-Inxhinieri-Informatike.pdf (f. 1) | MP-Informatike-e-Aplikuar.pdf (f. 1) | IV_c-INXHINIERI-ELEKTRIKE_MSH-2.pdf (f. 1) | I76: 2.36 | J76: =J73 | K76: =K73 | L76: Pothuajse identike me ekzekutimin 2
A77: 16 | B77: A | C77: po | D77: Sa ECTS ka Menaxhimi i Rrjetave Kompjuterike në Inxhinieri Informatike? | E77: 10 ECTS; viti I; semestri 2 | F77: 1 | G77: (Teksti i përgjigjes së ekzekutimit origjinal nuk është i disponueshëm – vlerësimi është marrë nga Shtojca A.) | I77: 1.51 | J77: E saktë | K77: jo
A78: 16 | B78: A | C78: po | D78: Sa ECTS ka Menaxhimi i Rrjetave Kompjuterike në Inxhinieri Informatike? | E78: 10 ECTS; viti I; semestri 2 | F78: 2 | G78: Menaxhimi i Rrjetave Kompjuterike në programin Master i Shkencave në Inxhinieri Informatike ka 10 ECTS (Master i Shkencave në Inxhinieri Informatike, f. 1). | H78: Msc_-Inxhinieri-Informatike.pdf (f. 1) | MSc_-Teknologji-Informacioni.pdf (f. 1) | IV_c-INXHINIERI-ELEKTRIKE_MSH-2.pdf (f. 1) | I78: 1.44 | J78: E saktë | K78: jo
A79: 16 | B79: A | C79: po | D79: Sa ECTS ka Menaxhimi i Rrjetave Kompjuterike në Inxhinieri Informatike? | E79: 10 ECTS; viti I; semestri 2 | F79: 3 | G79: Menaxhimi i Rrjetave Kompjuterike në programin Master i Shkencave në Inxhinieri Informatike ka 10 ECTS (Master i Shkencave në Inxhinieri Informatike, f. 1). | H79: Msc_-Inxhinieri-Informatike.pdf (f. 1) | MSc_-Teknologji-Informacioni.pdf (f. 1) | IV_c-INXHINIERI-ELEKTRIKE_MSH-2.pdf (f. 1) | I79: 1.58 | J79: =J78 | K79: =K78 | L79: Pothuajse identike me ekzekutimin 2
A80: 16 | B80: A | C80: po | D80: Sa ECTS ka Menaxhimi i Rrjetave Kompjuterike në Inxhinieri Informatike? | E80: 10 ECTS; viti I; semestri 2 | F80: 4 | G80: Menaxhimi i Rrjetave Kompjuterike ka 10 ECTS në programin e Masterit të Shkencave në Inxhinieri Informatike (Master i Shkencave në Inxhinieri Informatike, f. 1). | H80: Msc_-Inxhinieri-Informatike.pdf (f. 1) | MSc_-Teknologji-Informacioni.pdf (f. 1) | IV_c-INXHINIERI-ELEKTRIKE_MSH-2.pdf (f. 1) | I80: 1.49 | J80: =J78 | K80: =K78 | L80: Pothuajse identike me ekzekutimin 2
A81: 16 | B81: A | C81: po | D81: Sa ECTS ka Menaxhimi i Rrjetave Kompjuterike në Inxhinieri Informatike? | E81: 10 ECTS; viti I; semestri 2 | F81: 5 | G81: Menaxhimi i Rrjetave Kompjuterike në programin Master i Shkencave në Inxhinieri Informatike ka 10 ECTS (Master i Shkencave në Inxhinieri Informatike, f. 1). | H81: Msc_-Inxhinieri-Informatike.pdf (f. 1) | MSc_-Teknologji-Informacioni.pdf (f. 1) | IV_c-INXHINIERI-ELEKTRIKE_MSH-2.pdf (f. 1) | I81: 3.27 | J81: =J78 | K81: =K78 | L81: Pothuajse identike me ekzekutimin 2
A82: 17 | B82: A | C82: po | D82: Cilat janë mundësitë e punësimit pas Master në Inxhinieri Ndërtimi? | E82: Inxhinier projektues; ekspert ndërtimi; inspektor ndërtimi; inxhinier strukturash; inxhinier i infrastrukturës së transportit | F82: 1 | G82: (Teksti i përgjigjes së ekzekutimit origjinal nuk është i disponueshëm – vlerësimi është marrë nga Shtojca A.) | I82: 2.33 | J82: Pjesërisht e saktë | K82: jo
A83: 17 | B83: A | C83: po | D83: Cilat janë mundësitë e punësimit pas Master në Inxhinieri Ndërtimi? | E83: Inxhinier projektues; ekspert ndërtimi; inspektor ndërtimi; inxhinier strukturash; inxhinier i infrastrukturës së transportit | F83: 2 | G83: Programi: Master i Shkencave në Inxhinieri Ndërtimi Mundësitë e punësimit për studentët e këtij programi përfshijnë: - Inxhinier projektues në kompani të ndërtimit, zhvillues të njohur të pasurive të patundshme dhe agjenci ndërtimi. - Ekspertë në ndërtim në firma të specializuara të ndërtimit, kompani konsultimi dhe institucione që ofrojnë shërbime të avancuara të mbikëqyrjes. - Inxhinier i performancës së materialeve në kompani prodhuese inovative, si dhe në laboratorë hulumtimi që promovojnë standardet e larta të performancës. (Master i Shkencave në Inxhinieri Ndërtimi, f. 2) | H83: IV_b-INXHINIERI-NDERTIMI_MSH.pdf (f. 2) | IV_c-INXHINIERI-MEKANIKE_MSH.pdf (f. 3, 1) | I83: 2.65 | J83: Pjesërisht e saktë | K83: jo | L83: Përmend 3 nga rolet (projektues, ekspertë ndërtimi, inxhinier i performancës së materialeve), të sakta; mungojnë inspektor ndërtimi, inxhinier strukturash, infrastrukturë transporti.
A84: 17 | B84: A | C84: po | D84: Cilat janë mundësitë e punësimit pas Master në Inxhinieri Ndërtimi? | E84: Inxhinier projektues; ekspert ndërtimi; inspektor ndërtimi; inxhinier strukturash; inxhinier i infrastrukturës së transportit | F84: 3 | G84: Programi: Master i Shkencave në Inxhinieri Ndërtimi Mundësitë e punësimit për studentët e këtij programi përfshijnë: - Inxhinier projektues në kompani të ndërtimit, zhvillues të njohur të pasurive të patundshme dhe agjenci ndërtimi. - Ekspertë në ndërtim në firma të specializuara të ndërtimit, kompani konsultimi dhe institucione që ofrojnë shërbime të avancuara të mbikëqyrjes. - Inxhinier i performancës së materialeve në kompani prodhuese inovative, si dhe në laboratorë hulumtimi që promovojnë standardet e larta të performancës. (Master i Shkencave në Inxhinieri Ndërtimi, f. 2) | H84: IV_b-INXHINIERI-NDERTIMI_MSH.pdf (f. 2) | IV_c-INXHINIERI-MEKANIKE_MSH.pdf (f. 3, 1) | I84: 2.6 | J84: Pjesërisht e saktë | K84: jo | L84: Përmend 3 nga rolet (projektues, ekspertë ndërtimi, inxhinier i performancës së materialeve), të sakta; mungojnë inspektor ndërtimi, inxhinier strukturash, infrastrukturë transporti.
A85: 17 | B85: A | C85: po | D85: Cilat janë mundësitë e punësimit pas Master në Inxhinieri Ndërtimi? | E85: Inxhinier projektues; ekspert ndërtimi; inspektor ndërtimi; inxhinier strukturash; inxhinier i infrastrukturës së transportit | F85: 4 | G85: Programi: Master i Shkencave në Inxhinieri Ndërtimi Mundësitë e punësimit për studentët e këtij programi përfshijnë: - Inxhinier projektues në kompani të ndërtimit, zhvillues të njohur të pasurive të patundshme dhe agjenci ndërtimi. - Ekspertë në ndërtim në firma të specializuara të ndërtimit, kompani konsultimi dhe institucione që ofrojnë shërbime të avancuara të mbikëqyrjes. - Inxhinier i performancës së materialeve në kompani prodhuese inovative, si dhe në laboratorë hulumtimi që promovojnë standardet e larta të performancës. (Master i Shkencave në Inxhinieri Ndërtimi, f. 2) | H85: IV_b-INXHINIERI-NDERTIMI_MSH.pdf (f. 2) | IV_c-INXHINIERI-MEKANIKE_MSH.pdf (f. 3, 1) | I85: 2.26 | J85: Pjesërisht e saktë | K85: jo | L85: Përmend 3 nga rolet (projektues, ekspertë ndërtimi, inxhinier i performancës së materialeve), të sakta; mungojnë inspektor ndërtimi, inxhinier strukturash, infrastrukturë transporti.
A86: 17 | B86: A | C86: po | D86: Cilat janë mundësitë e punësimit pas Master në Inxhinieri Ndërtimi? | E86: Inxhinier projektues; ekspert ndërtimi; inspektor ndërtimi; inxhinier strukturash; inxhinier i infrastrukturës së transportit | F86: 5 | G86: Mundësitë e punësimit pas Masterit në Inxhinieri Ndërtimi përfshijnë: - Inxhinier projektues në kompani të ndërtimit, zhvillues të njohur të pasurive të patundshme dhe agjenci ndërtimi. - Ekspertë në ndërtim në firma të specializuara të ndërtimit, kompani konsultimi dhe institucione që ofrojnë shërbime të avancuara të mbikëqyrjes. - Inxhinier i performancës së materialeve në kompani prodhuese inovative, si dhe në laboratorë hulumtimi që promovojnë standardet e larta të performancës. (Master i Shkencave në Inxhinieri Ndërtimi, f. 2) | H86: IV_b-INXHINIERI-NDERTIMI_MSH.pdf (f. 2) | IV_c-INXHINIERI-MEKANIKE_MSH.pdf (f. 3, 1) | I86: 2.45 | J86: Pjesërisht e saktë | K86: jo | L86: Përmend 3 nga rolet (projektues, ekspertë ndërtimi, inxhinier i performancës së materialeve), të sakta; mungojnë inspektor ndërtimi, inxhinier strukturash, infrastrukturë transporti.
A87: 18 | B87: A | C87: po | D87: Çfarë profesionesh mund të ushtrojë një i diplomuar në Master Inxhinieri Mekanike? | E87: Menaxher strategjik projektesh industriale; inxhinier i sistemeve industriale; konsulent ndërkombëtar; inxhinier për parqe energjetike | F87: 1 | G87: (Teksti i përgjigjes së ekzekutimit origjinal nuk është i disponueshëm – vlerësimi është marrë nga Shtojca A.) | I87: 2.56 | J87: Pjesërisht e saktë | K87: jo
A88: 18 | B88: A | C88: po | D88: Çfarë profesionesh mund të ushtrojë një i diplomuar në Master Inxhinieri Mekanike? | E88: Menaxher strategjik projektesh industriale; inxhinier i sistemeve industriale; konsulent ndërkombëtar; inxhinier për parqe energjetike | F88: 2 | G88: Një i diplomuar në Masterin e Shkencave në Inxhinieri Mekanike mund të ushtrojë profesionet si: 1. Menaxher Strategjik i Projekteve Industriale në Energjetikë dhe Infrastrukturë Transporti, përgjegjës për udhëheqjen dhe menaxhimin e projekteve të mëdha në sektorët e energjisë dhe transportit. 2. Inxhinier i Avancuar i Sistemeve Industriale, pjesëmarrës në zhvillimin dhe optimizimin e sistemeve (Master i Shkencave në Inxhinieri Mekanike, f. 3). Këto pozita ofrojnë mundësi për zhvillim karriere në sektorët e inxhinierisë mekanike. | H88: IV_c-INXHINIERI-MEKANIKE_MSH.pdf (f. 3, 1) | I88: 3.37 | J88: Pjesërisht e saktë | K88: jo | L88: Dy role të sakta nga 4+ (Menaxher Strategjik, Inxhinier i Avancuar i Sistemeve Industriale); mungojnë konsulent ndërkombëtar, inxhinier teknologjish të reja etj.
A89: 18 | B89: A | C89: po | D89: Çfarë profesionesh mund të ushtrojë një i diplomuar në Master Inxhinieri Mekanike? | E89: Menaxher strategjik projektesh industriale; inxhinier i sistemeve industriale; konsulent ndërkombëtar; inxhinier për parqe energjetike | F89: 3 | G89: Një i diplomuar në Masterin e Shkencave në Inxhinieri Mekanike mund të ushtrojë profesionet si: 1. Menaxher Strategjik i Projekteve Industriale në Energjetikë dhe Infrastrukturë Transporti, përgjegjës për udhëheqjen dhe menaxhimin e projekteve të mëdha në sektorët e energjisë dhe transportit (Master i Shkencave në Inxhinieri Mekanike, f. 3). 2. Inxhinier i Avancuar i Sistemeve Industriale, pjesëmarrës në zhvillimin dhe optimizimin e sistemeve (Master i Shkencave në Inxhinieri Mekanike, f. 3). Këto pozita ofrojnë mundësi për zhvillim karriere të shpejtë në sektorët e inxhinierisë mekanike. | H89: IV_c-INXHINIERI-MEKANIKE_MSH.pdf (f. 3, 1) | I89: 2.54 | J89: Pjesërisht e saktë | K89: po | L89: Si më sipër, plus pohimi 'zhvillim karriere të shpejtë', që nuk mbështetet nga dokumenti.
A90: 18 | B90: A | C90: po | D90: Çfarë profesionesh mund të ushtrojë një i diplomuar në Master Inxhinieri Mekanike? | E90: Menaxher strategjik projektesh industriale; inxhinier i sistemeve industriale; konsulent ndërkombëtar; inxhinier për parqe energjetike | F90: 4 | G90: Një i diplomuar në Masterin e Shkencave në Inxhinieri Mekanike mund të ushtrojë profesione si: 1. Menaxher Strategjik i Projekteve Industriale në Energjetikë dhe Infrastrukturë Transporti, përgjegjës për udhëheqjen dhe menaxhimin e projekteve të mëdha në sektorët e energjisë dhe transportit. 2. Inxhinier i Avancuar i Sistemeve Industriale, pjesëmarrës në zhvillimin dhe optimizimin e sistemeve (Master i Shkencave në Inxhinieri Mekanike, f. 3). Këto pozita i japin mundësi për të aplikuar njohuritë dhe kompetencat e fituara gjatë studimeve. | H90: IV_c-INXHINIERI-MEKANIKE_MSH.pdf (f. 3, 1) | I90: 2.65 | J90: Pjesërisht e saktë | K90: jo | L90: Dy role të sakta nga 4+ (Menaxher Strategjik, Inxhinier i Avancuar i Sistemeve Industriale); mungojnë konsulent ndërkombëtar, inxhinier teknologjish të reja etj.
A91: 18 | B91: A | C91: po | D91: Çfarë profesionesh mund të ushtrojë një i diplomuar në Master Inxhinieri Mekanike? | E91: Menaxher strategjik projektesh industriale; inxhinier i sistemeve industriale; konsulent ndërkombëtar; inxhinier për parqe energjetike | F91: 5 | G91: Një i diplomuar në Masterin e Shkencave në Inxhinieri Mekanike mund të ushtrojë profesionet si: 1. Menaxher Strategjik i Projekteve Industriale në Energjetikë dhe Infrastrukturë Transporti, përgjegjës për udhëheqjen dhe menaxhimin e projekteve të mëdha në sektorët e energjisë dhe transportit. 2. Inxhinier i Avancuar i Sistemeve Industriale, pjesëmarrës në zhvillimin dhe optimizimin e sistemeve (Master i Shkencave në Inxhinieri Mekanike, f. 3). Këto pozita ofrojnë mundësi për të aplikuar njohuritë dhe kompetencat e fituara gjatë studimeve. | H91: IV_c-INXHINIERI-MEKANIKE_MSH.pdf (f. 3, 1) | I91: 2.46 | J91: Pjesërisht e saktë | K91: jo | L91: Dy role të sakta nga 4+ (Menaxher Strategjik, Inxhinier i Avancuar i Sistemeve Industriale); mungojnë konsulent ndërkombëtar, inxhinier teknologjish të reja etj.
A92: 19 | B92: A | C92: po | D92: Në cilat sektorë mund të punësohet një inxhinier elektrik me Master Shkencor? | E92: Prodhim dhe shpërndarje energjie; industri mekanike dhe transporti; prodhim dhe mirëmbajtje; administratë publike; këshillim | F92: 1 | G92: (Teksti i përgjigjes së ekzekutimit origjinal nuk është i disponueshëm – vlerësimi është marrë nga Shtojca A.) | I92: 5.43 | J92: E saktë | K92: jo
A93: 19 | B93: A | C93: po | D93: Në cilat sektorë mund të punësohet një inxhinier elektrik me Master Shkencor? | E93: Prodhim dhe shpërndarje energjie; industri mekanike dhe transporti; prodhim dhe mirëmbajtje; administratë publike; këshillim | F93: 2 | G93: Një inxhinier elektrik me Master Shkencor mund të punësohet në sektorët e mëposhtëm: 1. **Industritë që merren me prodhimin dhe shpërndarjen e energjisë elektrike**: në kompanitë që merren me prodhimin, transmetimin dhe shpërndarjen e energjisë elektrike, duke kontribuar në zhvillimin dhe mirëmbajtjen e sistemeve të energjisë. 2. **Industritë e mekanikës dhe transportit**: që përdorin sisteme elektrike në procese mekanike dhe të transportit, duke kontribuar në përmirësimin e efikasitetit dhe teknologjive të reja në këto fusha. 3. **Sektorët e prodhimit dhe mirëmbajtjes së sistemeve**: në sektorët e prodhimit, instalimeve, testimeve dhe mirëmbajtjes, si dhe menaxhimin e linjave dhe reparteve të prodhimit, duke siguruar funksionimin optimal të pajisjeve dhe sistemeve elektrike. 4. **Kompanitë për prodhimin dhe përpunimin e materialeve**: në kompani që merren me prodhimin dhe përpunimin e metaleve, polimereve, qeramikave, qelqit dhe kompoziteve, ku inxhinierët elektrikë kontribuojnë në zhvillimin e sistemeve të energjisë dhe kontrollit të proceseve. 5. **Administratë publike dhe menaxhimi i shërbimeve**: në administratën publike, në nivel vendor ose qendror, për të menaxhuar dhe monitoruar shërbimet publike si dhe për të mbikëqyrur kompanitë e shërbimeve komunale dhe infrastruktura elektrike. 6. **Këshillim dhe shërbime teknike për subjekte publike dhe private**: si profesionistë të lirë, duke ofruar shërbime këshillimi dhe asistencë teknike për projekte në sektorët publik dhe privat. (Master i Shkencave në Inxhinieri Elektrike, f. 3). | H93: IV_c-INXHINIERI-ELEKTRIKE_MSH-2.pdf (f. 3, 2) | IV_c-INXHINIERI-MEKANIKE_MSH.pdf (f. 3) | I93: 5.6 | J93: E saktë | K93: jo
A94: 19 | B94: A | C94: po | D94: Në cilat sektorë mund të punësohet një inxhinier elektrik me Master Shkencor? | E94: Prodhim dhe shpërndarje energjie; industri mekanike dhe transporti; prodhim dhe mirëmbajtje; administratë publike; këshillim | F94: 3 | G94: Një inxhinier elektrik me Master Shkencor mund të punësohet në sektorët e mëposhtëm: 1. **Industria e energjisë elektrike**: Në kompanitë që merren me prodhimin, transmetimin dhe shpërndarjen e energjisë elektrike, duke kontribuar në zhvillimin dhe mirëmbajtjen e sistemeve të energjisë (Master i Shkencave në Inxhinieri Elektrike, f. 3). 2. **Industria e mekanikës dhe transportit**: Në sektorët që përdorin sisteme elektrike në procese mekanike dhe të transportit, duke kontribuar në përmirësimin e efikasitetit dhe teknologjive të reja (Master i Shkencave në Inxhinieri Elektrike, f. 3). 3. **Prodhimi dhe mirëmbajtja e sistemeve**: Në sektorët e prodhimit, instalimeve, testimeve dhe mirëmbajtjes, si dhe menaxhimin e linjave dhe reparteve të prodhimit (Master i Shkencave në Inxhinieri Elektrike, f. 3). 4. **Prodhimi dhe përpunimi i materialeve**: Në kompani që merren me prodhimin dhe përpunimin e metaleve, polimereve, qeramikave, qelqit dhe kompoziteve (Master i Shkencave në Inxhinieri Elektrike, f. 3). 5. **Administrata publike**: Në administratën publike, në nivel vendor ose qendror, për të menaxhuar dhe monitoruar shërbimet publike dhe infrastruktura elektrike (Master i Shkencave në Inxhinieri Elektrike, f. 3). 6. **Këshillim dhe shërbime teknike**: Si profesionistë të lirë, duke ofruar shërbime këshillimi dhe asistencë teknike për projekte në sektorët publik dhe privat (Master i Shkencave në Inxhinieri Elektrike, f. 3). | H94: IV_c-INXHINIERI-ELEKTRIKE_MSH-2.pdf (f. 3, 2) | IV_c-INXHINIERI-MEKANIKE_MSH.pdf (f. 3) | I94: 4.2 | J94: E saktë | K94: jo
A95: 19 | B95: A | C95: po | D95: Në cilat sektorë mund të punësohet një inxhinier elektrik me Master Shkencor? | E95: Prodhim dhe shpërndarje energjie; industri mekanike dhe transporti; prodhim dhe mirëmbajtje; administratë publike; këshillim | F95: 4 | G95: Një inxhinier elektrik me Master Shkencor mund të punësohet në sektorët e mëposhtëm: 1. **Industria e energjisë elektrike**: Në kompanitë që merren me prodhimin, transmetimin dhe shpërndarjen e energjisë elektrike, duke kontribuar në zhvillimin dhe mirëmbajtjen e sistemeve të energjisë. 2. **Industria e mekanikës dhe transportit**: Përdorimi i sistemeve elektrike në procese mekanike dhe të transportit, duke kontribuar në përmirësimin e efikasitetit dhe teknologjive të reja. 3. **Sektorët e prodhimit dhe mirëmbajtjes së sistemeve**: Në sektorët e prodhimit, instalimeve, testimeve dhe mirëmbajtjes, si dhe menaxhimin e linjave dhe reparteve të prodhimit. 4. **Kompanitë për prodhimin dhe përpunimin e materialeve**: Në kompani që merren me prodhimin dhe përpunimin e metaleve, polimereve, qeramikave, qelqit dhe kompoziteve. 5. **Administratë publike dhe menaxhimi i shërbimeve**: Në administratën publike për të menaxhuar dhe monitoruar shërbimet publike. 6. **Këshillim dhe shërbime teknike**: Si profesionistë të lirë, duke ofruar shërbime këshillimi dhe asistencë teknike për projekte në sektorët publik dhe privat. (Master i Shkencave në Inxhinieri Elektrike, f. 3) | H95: IV_c-INXHINIERI-ELEKTRIKE_MSH-2.pdf (f. 3, 2) | IV_c-INXHINIERI-MEKANIKE_MSH.pdf (f. 3) | I95: 4.45 | J95: E saktë | K95: jo
A96: 19 | B96: A | C96: po | D96: Në cilat sektorë mund të punësohet një inxhinier elektrik me Master Shkencor? | E96: Prodhim dhe shpërndarje energjie; industri mekanike dhe transporti; prodhim dhe mirëmbajtje; administratë publike; këshillim | F96: 5 | G96: Një inxhinier elektrik me Master Shkencor mund të punësohet në sektorët e mëposhtëm: 1. **Industria e energjisë elektrike**: Në kompanitë që merren me prodhimin, transmetimin dhe shpërndarjen e energjisë elektrike, duke kontribuar në zhvillimin dhe mirëmbajtjen e sistemeve të energjisë (Master i Shkencave në Inxhinieri Elektrike, f. 3). 2. **Industria e mekanikës dhe transportit**: Në sektorët që përdorin sisteme elektrike në procese mekanike dhe të transportit, duke kontribuar në përmirësimin e efikasitetit dhe teknologjive të reja (Master i Shkencave në Inxhinieri Elektrike, f. 3). 3. **Prodhimi dhe mirëmbajtja e sistemeve**: Në sektorët e prodhimit, instalimeve, testimeve dhe mirëmbajtjes, si dhe menaxhimin e linjave dhe reparteve të prodhimit (Master i Shkencave në Inxhinieri Elektrike, f. 3). 4. **Prodhimi dhe përpunimi i materialeve**: Në kompani që merren me prodhimin dhe përpunimin e metaleve, polimereve, qeramikave, qelqit dhe kompoziteve (Master i Shkencave në Inxhinieri Elektrike, f. 3). 5. **Administratë publike dhe menaxhimi i shërbimeve**: Në administratën publike, për të menaxhuar dhe monitoruar shërbimet publike dhe për të mbikëqyrur kompanitë e shërbimeve komunale dhe infrastruktura elektrike (Master i Shkencave në Inxhinieri Elektrike, f. 3). 6. **Këshillim dhe shërbime teknike**: Si profesionistë të lirë, duke ofruar shërbime këshillimi dhe asistencë teknike për projekte në sektorët publik dhe privat (Master i Shkencave në Inxhinieri Elektrike, f. 3). | H96: IV_c-INXHINIERI-ELEKTRIKE_MSH-2.pdf (f. 3, 2) | IV_c-INXHINIERI-MEKANIKE_MSH.pdf (f. 3) | I96: 4.71 | J96: E saktë | K96: jo
A97: 20 | B97: A | C97: po | D97: A mund të pajiset me licencë një i diplomuar në Master Inxhinieri Ndërtimi? | E97: Po; sipas kuadrit ligjor në fuqi | F97: 1 | G97: (Teksti i përgjigjes së ekzekutimit origjinal nuk është i disponueshëm – vlerësimi është marrë nga Shtojca A.) | I97: 2.2 | J97: E saktë | K97: jo
A98: 20 | B98: A | C98: po | D98: A mund të pajiset me licencë një i diplomuar në Master Inxhinieri Ndërtimi? | E98: Po; sipas kuadrit ligjor në fuqi | F98: 2 | G98: Po, mbajtësi i diplomës në Masterin e Shkencave në Inxhinieri Ndërtimi gëzon të drejtën të pajiset me licencë referuar kuadrit ligjor në fuqi, për të kryer shërbime dhe këshillim teknik ndaj subjekteve publike apo private, si profesionistë të lirë në fushën e ndërtimit (Master i Shkencave në Inxhinieri Ndërtimi, f. 2). | H98: IV_b-INXHINIERI-NDERTIMI_MSH.pdf (f. 2) | IV_c-INXHINIERI-MEKANIKE_MSH.pdf (f. 3, 1) | I98: 1.87 | J98: E saktë | K98: jo
A99: 20 | B99: A | C99: po | D99: A mund të pajiset me licencë një i diplomuar në Master Inxhinieri Ndërtimi? | E99: Po; sipas kuadrit ligjor në fuqi | F99: 3 | G99: Po, mbajtësi i diplomës në Masterin e Shkencave në Inxhinieri Ndërtimi gëzon të drejtën të pajiset me licencë referuar kuadrit ligjor në fuqi, për të kryer shërbime dhe këshillim teknik ndaj subjekteve publike apo private, si profesionistë të lirë në fushën e ndërtimit (Master i Shkencave në Inxhinieri Ndërtimi, f. 2). | H99: IV_b-INXHINIERI-NDERTIMI_MSH.pdf (f. 2) | IV_c-INXHINIERI-MEKANIKE_MSH.pdf (f. 3, 1) | I99: 1.56 | J99: =J98 | K99: =K98 | L99: Pothuajse identike me ekzekutimin 2
A100: 20 | B100: A | C100: po | D100: A mund të pajiset me licencë një i diplomuar në Master Inxhinieri Ndërtimi? | E100: Po; sipas kuadrit ligjor në fuqi | F100: 4 | G100: Po, mbajtësi i diplomës në Masterin e Shkencave në Inxhinieri Ndërtimi gëzon të drejtën të pajiset me licencë referuar kuadrit ligjor në fuqi, për të kryer shërbime dhe këshillim teknik ndaj subjekteve publike apo private, si profesionistë të lirë në fushën e ndërtimit (Master i Shkencave në Inxhinieri Ndërtimi, f. 2). | H100: IV_b-INXHINIERI-NDERTIMI_MSH.pdf (f. 2) | IV_c-INXHINIERI-MEKANIKE_MSH.pdf (f. 3, 1) | I100: 1.95 | J100: =J98 | K100: =K98 | L100: Pothuajse identike me ekzekutimin 2
...

Sheet Përmbledhje
A1: Treguesi | B1: Ekz. 1 | C1: Ekz. 2 | D1: Ekz. 3 | E1: Ekz. 4 | F1: Ekz. 5 | G1: Mesatarja | H1: Devijimi std. | I1: Të vlerësuara
A2: Saktësia e plotë – gjithsej (56) | B2: =COUNTIFS(Vleresimi!$F$2:$F$281,1,Vleresimi!$J$2:$J$281,"E saktë")/56 | C2: =COUNTIFS(Vleresimi!$F$2:$F$281,2,Vleresimi!$J$2:$J$281,"E saktë")/56 | D2: =COUNTIFS(Vleresimi!$F$2:$F$281,3,Vleresimi!$J$2:$J$281,"E saktë")/56 | E2: =COUNTIFS(Vleresimi!$F$2:$F$281,4,Vleresimi!$J$2:$J$281,"E saktë")/56 | F2: =COUNTIFS(Vleresimi!$F$2:$F$281,5,Vleresimi!$J$2:$J$281,"E saktë")/56 | G2: =AVERAGE(B2:F2) | H2: =STDEV(B2:F2)
A3: Pjesërisht e saktë – gjithsej | B3: =COUNTIFS(Vleresimi!$F$2:$F$281,1,Vleresimi!$J$2:$J$281,"Pjesërisht e saktë")/56 | C3: =COUNTIFS(Vleresimi!$F$2:$F$281,2,Vleresimi!$J$2:$J$281,"Pjesërisht e saktë")/56 | D3: =COUNTIFS(Vleresimi!$F$2:$F$281,3,Vleresimi!$J$2:$J$281,"Pjesërisht e saktë")/56 | E3: =COUNTIFS(Vleresimi!$F$2:$F$281,4,Vleresimi!$J$2:$J$281,"Pjesërisht e saktë")/56 | F3: =COUNTIFS(Vleresimi!$F$2:$F$281,5,Vleresimi!$J$2:$J$281,"Pjesërisht e saktë")/56 | G3: =AVERAGE(B3:F3) | H3: =STDEV(B3:F3)
A4: E pasaktë – gjithsej | B4: =COUNTIFS(Vleresimi!$F$2:$F$281,1,Vleresimi!$J$2:$J$281,"E pasaktë")/56 | C4: =COUNTIFS(Vleresimi!$F$2:$F$281,2,Vleresimi!$J$2:$J$281,"E pasaktë")/56 | D4: =COUNTIFS(Vleresimi!$F$2:$F$281,3,Vleresimi!$J$2:$J$281,"E pasaktë")/56 | E4: =COUNTIFS(Vleresimi!$F$2:$F$281,4,Vleresimi!$J$2:$J$281,"E pasaktë")/56 | F4: =COUNTIFS(Vleresimi!$F$2:$F$281,5,Vleresimi!$J$2:$J$281,"E pasaktë")/56 | G4: =AVERAGE(B4:F4) | H4: =STDEV(B4:F4)
A5: Saktësia e plotë – brenda bazës (42) | B5: =COUNTIFS(Vleresimi!$F$2:$F$281,1,Vleresimi!$J$2:$J$281,"E saktë",Vleresimi!$C$2:$C$281,"po")/42 | C5: =COUNTIFS(Vleresimi!$F$2:$F$281,2,Vleresimi!$J$2:$J$281,"E saktë",Vleresimi!$C$2:$C$281,"po")/42 | D5: =COUNTIFS(Vleresimi!$F$2:$F$281,3,Vleresimi!$J$2:$J$281,"E saktë",Vleresimi!$C$2:$C$281,"po")/42 | E5: =COUNTIFS(Vleresimi!$F$2:$F$281,4,Vleresimi!$J$2:$J$281,"E saktë",Vleresimi!$C$2:$C$281,"po")/42 | F5: =COUNTIFS(Vleresimi!$F$2:$F$281,5,Vleresimi!$J$2:$J$281,"E saktë",Vleresimi!$C$2:$C$281,"po")/42 | G5: =AVERAGE(B5:F5) | H5: =STDEV(B5:F5)
A6: Jashtë bazës të trajtuara saktë: abstenim ose shënim si përmbajtje e përgjithshme (14) | B6: =(COUNTIFS(Vleresimi!$F$2:$F$281,1,Vleresimi!$J$2:$J$281,"E saktë",Vleresimi!$C$2:$C$281,"jo")+COUNTIFS(Vleresimi!$F$2:$F$281,1,Vleresimi!$J$2:$J$281,"Pjesërisht e saktë",Vleresimi!$C$2:$C$281,"jo"))/14 | C6: =(COUNTIFS(Vleresimi!$F$2:$F$281,2,Vleresimi!$J$2:$J$281,"E saktë",Vleresimi!$C$2:$C$281,"jo")+COUNTIFS(Vleresimi!$F$2:$F$281,2,Vleresimi!$J$2:$J$281,"Pjesërisht e saktë",Vleresimi!$C$2:$C$281,"jo"))/14 | D6: =(COUNTIFS(Vleresimi!$F$2:$F$281,3,Vleresimi!$J$2:$J$281,"E saktë",Vleresimi!$C$2:$C$281,"jo")+COUNTIFS(Vleresimi!$F$2:$F$281,3,Vleresimi!$J$2:$J$281,"Pjesërisht e saktë",Vleresimi!$C$2:$C$281,"jo"))/14 | E6: =(COUNTIFS(Vleresimi!$F$2:$F$281,4,Vleresimi!$J$2:$J$281,"E saktë",Vleresimi!$C$2:$C$281,"jo")+COUNTIFS(Vleresimi!$F$2:$F$281,4,Vleresimi!$J$2:$J$281,"Pjesërisht e saktë",Vleresimi!$C$2:$C$281,"jo"))/14 | F6: =(COUNTIFS(Vleresimi!$F$2:$F$281,5,Vleresimi!$J$2:$J$281,"E saktë",Vleresimi!$C$2:$C$281,"jo")+COUNTIFS(Vleresimi!$F$2:$F$281,5,Vleresimi!$J$2:$J$281,"Pjesërisht e saktë",Vleresimi!$C$2:$C$281,"jo"))/14 | G6: =AVERAGE(B6:F6) | H6: =STDEV(B6:F6)
A7: E pasaktë brenda bazës (42) | B7: =COUNTIFS(Vleresimi!$F$2:$F$281,1,Vleresimi!$J$2:$J$281,"E pasaktë",Vleresimi!$C$2:$C$281,"po")/42 | C7: =COUNTIFS(Vleresimi!$F$2:$F$281,2,Vleresimi!$J$2:$J$281,"E pasaktë",Vleresimi!$C$2:$C$281,"po")/42 | D7: =COUNTIFS(Vleresimi!$F$2:$F$281,3,Vleresimi!$J$2:$J$281,"E pasaktë",Vleresimi!$C$2:$C$281,"po")/42 | E7: =COUNTIFS(Vleresimi!$F$2:$F$281,4,Vleresimi!$J$2:$J$281,"E pasaktë",Vleresimi!$C$2:$C$281,"po")/42 | F7: =COUNTIFS(Vleresimi!$F$2:$F$281,5,Vleresimi!$J$2:$J$281,"E pasaktë",Vleresimi!$C$2:$C$281,"po")/42 | G7: =AVERAGE(B7:F7) | H7: =STDEV(B7:F7)
A8: Përgjigje me halucinacion (56) | B8: =COUNTIFS(Vleresimi!$F$2:$F$281,1,Vleresimi!$K$2:$K$281,"po")/56 | C8: =COUNTIFS(Vleresimi!$F$2:$F$281,2,Vleresimi!$K$2:$K$281,"po")/56 | D8: =COUNTIFS(Vleresimi!$F$2:$F$281,3,Vleresimi!$K$2:$K$281,"po")/56 | E8: =COUNTIFS(Vleresimi!$F$2:$F$281,4,Vleresimi!$K$2:$K$281,"po")/56 | F8: =COUNTIFS(Vleresimi!$F$2:$F$281,5,Vleresimi!$K$2:$K$281,"po")/56 | G8: =AVERAGE(B8:F8) | H8: =STDEV(B8:F8)
A9: Koha mesatare (s) | B9: =AVERAGEIFS(Vleresimi!$I$2:$I$281,Vleresimi!$F$2:$F$281,1) | C9: =AVERAGEIFS(Vleresimi!$I$2:$I$281,Vleresimi!$F$2:$F$281,2) | D9: =AVERAGEIFS(Vleresimi!$I$2:$I$281,Vleresimi!$F$2:$F$281,3) | E9: =AVERAGEIFS(Vleresimi!$I$2:$I$281,Vleresimi!$F$2:$F$281,4) | F9: =AVERAGEIFS(Vleresimi!$I$2:$I$281,Vleresimi!$F$2:$F$281,5) | G9: =AVERAGE(B9:F9) | H9: =STDEV(B9:F9)
A10: Saktësia e plotë – grupi A (20) | B10: =COUNTIFS(Vleresimi!$F$2:$F$281,1,Vleresimi!$J$2:$J$281,"E saktë",Vleresimi!$B$2:$B$281,"A")/20 | C10: =COUNTIFS(Vleresimi!$F$2:$F$281,2,Vleresimi!$J$2:$J$281,"E saktë",Vleresimi!$B$2:$B$281,"A")/20 | D10: =COUNTIFS(Vleresimi!$F$2:$F$281,3,Vleresimi!$J$2:$J$281,"E saktë",Vleresimi!$B$2:$B$281,"A")/20 | E10: =COUNTIFS(Vleresimi!$F$2:$F$281,4,Vleresimi!$J$2:$J$281,"E saktë",Vleresimi!$B$2:$B$281,"A")/20 | F10: =COUNTIFS(Vleresimi!$F$2:$F$281,5,Vleresimi!$J$2:$J$281,"E saktë",Vleresimi!$B$2:$B$281,"A")/20 | G10: =AVERAGE(B10:F10) | H10: =STDEV(B10:F10)
A11: Saktësia e plotë – grupi B (14) | B11: =COUNTIFS(Vleresimi!$F$2:$F$281,1,Vleresimi!$J$2:$J$281,"E saktë",Vleresimi!$B$2:$B$281,"B")/14 | C11: =COUNTIFS(Vleresimi!$F$2:$F$281,2,Vleresimi!$J$2:$J$281,"E saktë",Vleresimi!$B$2:$B$281,"B")/14 | D11: =COUNTIFS(Vleresimi!$F$2:$F$281,3,Vleresimi!$J$2:$J$281,"E saktë",Vleresimi!$B$2:$B$281,"B")/14 | E11: =COUNTIFS(Vleresimi!$F$2:$F$281,4,Vleresimi!$J$2:$J$281,"E saktë",Vleresimi!$B$2:$B$281,"B")/14 | F11: =COUNTIFS(Vleresimi!$F$2:$F$281,5,Vleresimi!$J$2:$J$281,"E saktë",Vleresimi!$B$2:$B$281,"B")/14 | G11: =AVERAGE(B11:F11) | H11: =STDEV(B11:F11)
A12: Saktësia e plotë – grupi C (9) | B12: =COUNTIFS(Vleresimi!$F$2:$F$281,1,Vleresimi!$J$2:$J$281,"E saktë",Vleresimi!$B$2:$B$281,"C")/9 | C12: =COUNTIFS(Vleresimi!$F$2:$F$281,2,Vleresimi!$J$2:$J$281,"E saktë",Vleresimi!$B$2:$B$281,"C")/9 | D12: =COUNTIFS(Vleresimi!$F$2:$F$281,3,Vleresimi!$J$2:$J$281,"E saktë",Vleresimi!$B$2:$B$281,"C")/9 | E12: =COUNTIFS(Vleresimi!$F$2:$F$281,4,Vleresimi!$J$2:$J$281,"E saktë",Vleresimi!$B$2:$B$281,"C")/9 | F12: =COUNTIFS(Vleresimi!$F$2:$F$281,5,Vleresimi!$J$2:$J$281,"E saktë",Vleresimi!$B$2:$B$281,"C")/9 | G12: =AVERAGE(B12:F12) | H12: =STDEV(B12:F12)
A13: Saktësia e plotë – grupi D (6) | B13: =COUNTIFS(Vleresimi!$F$2:$F$281,1,Vleresimi!$J$2:$J$281,"E saktë",Vleresimi!$B$2:$B$281,"D")/6 | C13: =COUNTIFS(Vleresimi!$F$2:$F$281,2,Vleresimi!$J$2:$J$281,"E saktë",Vleresimi!$B$2:$B$281,"D")/6 | D13: =COUNTIFS(Vleresimi!$F$2:$F$281,3,Vleresimi!$J$2:$J$281,"E saktë",Vleresimi!$B$2:$B$281,"D")/6 | E13: =COUNTIFS(Vleresimi!$F$2:$F$281,4,Vleresimi!$J$2:$J$281,"E saktë",Vleresimi!$B$2:$B$281,"D")/6 | F13: =COUNTIFS(Vleresimi!$F$2:$F$281,5,Vleresimi!$J$2:$J$281,"E saktë",Vleresimi!$B$2:$B$281,"D")/6 | G13: =AVERAGE(B13:F13) | H13: =STDEV(B13:F13)
A14: Saktësia e plotë – grupi E (7) | B14: =COUNTIFS(Vleresimi!$F$2:$F$281,1,Vleresimi!$J$2:$J$281,"E saktë",Vleresimi!$B$2:$B$281,"E")/7 | C14: =COUNTIFS(Vleresimi!$F$2:$F$281,2,Vleresimi!$J$2:$J$281,"E saktë",Vleresimi!$B$2:$B$281,"E")/7 | D14: =COUNTIFS(Vleresimi!$F$2:$F$281,3,Vleresimi!$J$2:$J$281,"E saktë",Vleresimi!$B$2:$B$281,"E")/7 | E14: =COUNTIFS(Vleresimi!$F$2:$F$281,4,Vleresimi!$J$2:$J$281,"E saktë",Vleresimi!$B$2:$B$281,"E")/7 | F14: =COUNTIFS(Vleresimi!$F$2:$F$281,5,Vleresimi!$J$2:$J$281,"E saktë",Vleresimi!$B$2:$B$281,"E")/7 | G14: =AVERAGE(B14:F14) | H14: =STDEV(B14:F14)
A15: Përgjigje të vlerësuara (duhet 56 për çdo ekzekutim) | B15: =COUNTIFS(Vleresimi!$F$2:$F$281,1,Vleresimi!$J$2:$J$281,"<>") | C15: =COUNTIFS(Vleresimi!$F$2:$F$281,2,Vleresimi!$J$2:$J$281,"<>") | D15: =COUNTIFS(Vleresimi!$F$2:$F$281,3,Vleresimi!$J$2:$J$281,"<>") | E15: =COUNTIFS(Vleresimi!$F$2:$F$281,4,Vleresimi!$J$2:$J$281,"<>") | F15: =COUNTIFS(Vleresimi!$F$2:$F$281,5,Vleresimi!$J$2:$J$281,"<>")
A17: Shënim: Ekzekutimi 1 = ekzekutimi origjinal; vlerësimet dhe kohët merren nga Shtojca A e tezës. Ekzekutimet 2–5 janë ekzekutimet e reja të evaluate.py me konfigurim identik (gpt-4o-mini, temperaturë 0,2, k = 5). Devijimi standard llogaritet mbi 5 ekzekutimet (STDEV).
